,id,img_filename,map_filename,target
0,0,Line_0_25.png,Line_0_map_25.png,1
0,1,Line_1_28.png,Line_1_map_28.png,1
0,2,Bubbles_2_23.png,Bubbles_2_map_23.png,2
0,3,Bubbles_3_22.png,Bubbles_3_map_22.png,2
0,4,Line_4_21.png,Line_4_map_21.png,1
0,5,Bubbles_5_20.png,Bubbles_5_map_20.png,2
0,6,Defect_6_20.png,Defect_6_map_20.png,0
0,7,Line_7_28.png,Line_7_map_28.png,1
0,8,Defect_8_26.png,Defect_8_map_26.png,0
0,9,Defect_9_21.png,Defect_9_map_21.png,0
0,10,Line_10_29.png,Line_10_map_29.png,1
0,11,Defect_11_24.png,Defect_11_map_24.png,0
0,12,Line_12_22.png,Line_12_map_22.png,1
0,13,Defect_13_20.png,Defect_13_map_20.png,0
0,14,Bubbles_14_22.png,Bubbles_14_map_22.png,2
0,15,Line_15_23.png,Line_15_map_23.png,1
0,16,Line_16_29.png,Line_16_map_29.png,1
0,17,Line_17_25.png,Line_17_map_25.png,1
0,18,Defect_18_24.png,Defect_18_map_24.png,0
0,19,Defect_19_28.png,Defect_19_map_28.png,0
0,20,Line_20_23.png,Line_20_map_23.png,1
0,21,Bubbles_21_26.png,Bubbles_21_map_26.png,2
0,22,Defect_22_22.png,Defect_22_map_22.png,0
0,23,Line_23_29.png,Line_23_map_29.png,1
0,24,Line_24_20.png,Line_24_map_20.png,1
0,25,Bubbles_25_25.png,Bubbles_25_map_25.png,2
0,26,Bubbles_26_28.png,Bubbles_26_map_28.png,2
0,27,Defect_27_21.png,Defect_27_map_21.png,0
0,28,Bubbles_28_23.png,Bubbles_28_map_23.png,2
0,29,Line_29_23.png,Line_29_map_23.png,1
0,30,Line_30_29.png,Line_30_map_29.png,1
0,31,Defect_31_23.png,Defect_31_map_23.png,0
0,32,Line_32_27.png,Line_32_map_27.png,1
0,33,Line_33_21.png,Line_33_map_21.png,1
0,34,Defect_34_21.png,Defect_34_map_21.png,0
0,35,Defect_35_29.png,Defect_35_map_29.png,0
0,36,Bubbles_36_23.png,Bubbles_36_map_23.png,2
0,37,Defect_37_24.png,Defect_37_map_24.png,0
0,38,Line_38_25.png,Line_38_map_25.png,1
0,39,Line_39_29.png,Line_39_map_29.png,1
0,40,Line_40_22.png,Line_40_map_22.png,1
0,41,Line_41_23.png,Line_41_map_23.png,1
0,42,Bubbles_42_29.png,Bubbles_42_map_29.png,2
0,43,Defect_43_25.png,Defect_43_map_25.png,0
0,44,Bubbles_44_25.png,Bubbles_44_map_25.png,2
0,45,Defect_45_29.png,Defect_45_map_29.png,0
0,46,Defect_46_27.png,Defect_46_map_27.png,0
0,47,Defect_47_28.png,Defect_47_map_28.png,0
0,48,Defect_48_21.png,Defect_48_map_21.png,0
0,49,Bubbles_49_27.png,Bubbles_49_map_27.png,2
0,50,Line_50_22.png,Line_50_map_22.png,1
0,51,Line_51_24.png,Line_51_map_24.png,1
0,52,Bubbles_52_24.png,Bubbles_52_map_24.png,2
0,53,Bubbles_53_27.png,Bubbles_53_map_27.png,2
0,54,Line_54_28.png,Line_54_map_28.png,1
0,55,Bubbles_55_22.png,Bubbles_55_map_22.png,2
0,56,Line_56_22.png,Line_56_map_22.png,1
0,57,Bubbles_57_22.png,Bubbles_57_map_22.png,2
0,58,Defect_58_20.png,Defect_58_map_20.png,0
0,59,Defect_59_21.png,Defect_59_map_21.png,0
0,60,Bubbles_60_24.png,Bubbles_60_map_24.png,2
0,61,Defect_61_28.png,Defect_61_map_28.png,0
0,62,Line_62_24.png,Line_62_map_24.png,1
0,63,Bubbles_63_21.png,Bubbles_63_map_21.png,2
0,64,Defect_64_21.png,Defect_64_map_21.png,0
0,65,Line_65_22.png,Line_65_map_22.png,1
0,66,Bubbles_66_25.png,Bubbles_66_map_25.png,2
0,67,Defect_67_25.png,Defect_67_map_25.png,0
0,68,Defect_68_27.png,Defect_68_map_27.png,0
0,69,Defect_69_21.png,Defect_69_map_21.png,0
0,70,Bubbles_70_25.png,Bubbles_70_map_25.png,2
0,71,Defect_71_28.png,Defect_71_map_28.png,0
0,72,Line_72_20.png,Line_72_map_20.png,1
0,73,Defect_73_26.png,Defect_73_map_26.png,0
0,74,Bubbles_74_27.png,Bubbles_74_map_27.png,2
0,75,Bubbles_75_26.png,Bubbles_75_map_26.png,2
0,76,Line_76_27.png,Line_76_map_27.png,1
0,77,Defect_77_23.png,Defect_77_map_23.png,0
0,78,Line_78_26.png,Line_78_map_26.png,1
0,79,Defect_79_28.png,Defect_79_map_28.png,0
0,80,Bubbles_80_28.png,Bubbles_80_map_28.png,2
0,81,Bubbles_81_22.png,Bubbles_81_map_22.png,2
0,82,Defect_82_28.png,Defect_82_map_28.png,0
0,83,Line_83_25.png,Line_83_map_25.png,1
0,84,Bubbles_84_21.png,Bubbles_84_map_21.png,2
0,85,Defect_85_29.png,Defect_85_map_29.png,0
0,86,Bubbles_86_27.png,Bubbles_86_map_27.png,2
0,87,Line_87_20.png,Line_87_map_20.png,1
0,88,Bubbles_88_23.png,Bubbles_88_map_23.png,2
0,89,Defect_89_23.png,Defect_89_map_23.png,0
0,90,Bubbles_90_21.png,Bubbles_90_map_21.png,2
0,91,Bubbles_91_20.png,Bubbles_91_map_20.png,2
0,92,Line_92_29.png,Line_92_map_29.png,1
0,93,Defect_93_22.png,Defect_93_map_22.png,0
0,94,Line_94_25.png,Line_94_map_25.png,1
0,95,Line_95_24.png,Line_95_map_24.png,1
0,96,Defect_96_21.png,Defect_96_map_21.png,0
0,97,Line_97_23.png,Line_97_map_23.png,1
0,98,Bubbles_98_24.png,Bubbles_98_map_24.png,2
0,99,Defect_99_25.png,Defect_99_map_25.png,0
0,100,Defect_100_22.png,Defect_100_map_22.png,0
0,101,Line_101_27.png,Line_101_map_27.png,1
0,102,Bubbles_102_20.png,Bubbles_102_map_20.png,2
0,103,Defect_103_22.png,Defect_103_map_22.png,0
0,104,Defect_104_23.png,Defect_104_map_23.png,0
0,105,Line_105_28.png,Line_105_map_28.png,1
0,106,Line_106_27.png,Line_106_map_27.png,1
0,107,Line_107_20.png,Line_107_map_20.png,1
0,108,Line_108_27.png,Line_108_map_27.png,1
0,109,Bubbles_109_23.png,Bubbles_109_map_23.png,2
0,110,Line_110_25.png,Line_110_map_25.png,1
0,111,Line_111_20.png,Line_111_map_20.png,1
0,112,Bubbles_112_26.png,Bubbles_112_map_26.png,2
0,113,Line_113_22.png,Line_113_map_22.png,1
0,114,Line_114_28.png,Line_114_map_28.png,1
0,115,Defect_115_23.png,Defect_115_map_23.png,0
0,116,Bubbles_116_20.png,Bubbles_116_map_20.png,2
0,117,Line_117_26.png,Line_117_map_26.png,1
0,118,Bubbles_118_29.png,Bubbles_118_map_29.png,2
0,119,Bubbles_119_24.png,Bubbles_119_map_24.png,2
0,120,Defect_120_23.png,Defect_120_map_23.png,0
0,121,Defect_121_25.png,Defect_121_map_25.png,0
0,122,Defect_122_28.png,Defect_122_map_28.png,0
0,123,Line_123_28.png,Line_123_map_28.png,1
0,124,Bubbles_124_27.png,Bubbles_124_map_27.png,2
0,125,Defect_125_27.png,Defect_125_map_27.png,0
0,126,Defect_126_25.png,Defect_126_map_25.png,0
0,127,Bubbles_127_24.png,Bubbles_127_map_24.png,2
0,128,Defect_128_20.png,Defect_128_map_20.png,0
0,129,Bubbles_129_24.png,Bubbles_129_map_24.png,2
0,130,Line_130_22.png,Line_130_map_22.png,1
0,131,Defect_131_23.png,Defect_131_map_23.png,0
0,132,Line_132_27.png,Line_132_map_27.png,1
0,133,Line_133_20.png,Line_133_map_20.png,1
0,134,Bubbles_134_28.png,Bubbles_134_map_28.png,2
0,135,Line_135_24.png,Line_135_map_24.png,1
0,136,Bubbles_136_26.png,Bubbles_136_map_26.png,2
0,137,Bubbles_137_26.png,Bubbles_137_map_26.png,2
0,138,Defect_138_26.png,Defect_138_map_26.png,0
0,139,Defect_139_28.png,Defect_139_map_28.png,0
0,140,Line_140_22.png,Line_140_map_22.png,1
0,141,Defect_141_27.png,Defect_141_map_27.png,0
0,142,Defect_142_26.png,Defect_142_map_26.png,0
0,143,Defect_143_28.png,Defect_143_map_28.png,0
0,144,Bubbles_144_23.png,Bubbles_144_map_23.png,2
0,145,Defect_145_25.png,Defect_145_map_25.png,0
0,146,Line_146_28.png,Line_146_map_28.png,1
0,147,Line_147_20.png,Line_147_map_20.png,1
0,148,Bubbles_148_28.png,Bubbles_148_map_28.png,2
0,149,Bubbles_149_28.png,Bubbles_149_map_28.png,2
0,150,Defect_150_20.png,Defect_150_map_20.png,0
0,151,Bubbles_151_22.png,Bubbles_151_map_22.png,2
0,152,Defect_152_21.png,Defect_152_map_21.png,0
0,153,Defect_153_23.png,Defect_153_map_23.png,0
0,154,Bubbles_154_26.png,Bubbles_154_map_26.png,2
0,155,Line_155_29.png,Line_155_map_29.png,1
0,156,Bubbles_156_25.png,Bubbles_156_map_25.png,2
0,157,Bubbles_157_29.png,Bubbles_157_map_29.png,2
0,158,Defect_158_22.png,Defect_158_map_22.png,0
0,159,Defect_159_27.png,Defect_159_map_27.png,0
0,160,Defect_160_22.png,Defect_160_map_22.png,0
0,161,Line_161_27.png,Line_161_map_27.png,1
0,162,Line_162_28.png,Line_162_map_28.png,1
0,163,Defect_163_24.png,Defect_163_map_24.png,0
0,164,Bubbles_164_26.png,Bubbles_164_map_26.png,2
0,165,Bubbles_165_26.png,Bubbles_165_map_26.png,2
0,166,Line_166_23.png,Line_166_map_23.png,1
0,167,Defect_167_23.png,Defect_167_map_23.png,0
0,168,Bubbles_168_23.png,Bubbles_168_map_23.png,2
0,169,Defect_169_29.png,Defect_169_map_29.png,0
0,170,Bubbles_170_25.png,Bubbles_170_map_25.png,2
0,171,Line_171_28.png,Line_171_map_28.png,1
0,172,Bubbles_172_27.png,Bubbles_172_map_27.png,2
0,173,Bubbles_173_24.png,Bubbles_173_map_24.png,2
0,174,Line_174_29.png,Line_174_map_29.png,1
0,175,Line_175_28.png,Line_175_map_28.png,1
0,176,Defect_176_24.png,Defect_176_map_24.png,0
0,177,Line_177_20.png,Line_177_map_20.png,1
0,178,Bubbles_178_24.png,Bubbles_178_map_24.png,2
0,179,Bubbles_179_29.png,Bubbles_179_map_29.png,2
0,180,Defect_180_22.png,Defect_180_map_22.png,0
0,181,Line_181_26.png,Line_181_map_26.png,1
0,182,Bubbles_182_29.png,Bubbles_182_map_29.png,2
0,183,Line_183_27.png,Line_183_map_27.png,1
0,184,Bubbles_184_23.png,Bubbles_184_map_23.png,2
0,185,Defect_185_28.png,Defect_185_map_28.png,0
0,186,Line_186_29.png,Line_186_map_29.png,1
0,187,Defect_187_26.png,Defect_187_map_26.png,0
0,188,Defect_188_22.png,Defect_188_map_22.png,0
0,189,Bubbles_189_29.png,Bubbles_189_map_29.png,2
0,190,Defect_190_27.png,Defect_190_map_27.png,0
0,191,Line_191_24.png,Line_191_map_24.png,1
0,192,Defect_192_25.png,Defect_192_map_25.png,0
0,193,Defect_193_20.png,Defect_193_map_20.png,0
0,194,Defect_194_29.png,Defect_194_map_29.png,0
0,195,Bubbles_195_22.png,Bubbles_195_map_22.png,2
0,196,Bubbles_196_21.png,Bubbles_196_map_21.png,2
0,197,Defect_197_21.png,Defect_197_map_21.png,0
0,198,Bubbles_198_23.png,Bubbles_198_map_23.png,2
0,199,Bubbles_199_25.png,Bubbles_199_map_25.png,2
0,200,Line_200_26.png,Line_200_map_26.png,1
0,201,Bubbles_201_25.png,Bubbles_201_map_25.png,2
0,202,Defect_202_27.png,Defect_202_map_27.png,0
0,203,Bubbles_203_29.png,Bubbles_203_map_29.png,2
0,204,Line_204_20.png,Line_204_map_20.png,1
0,205,Bubbles_205_25.png,Bubbles_205_map_25.png,2
0,206,Line_206_27.png,Line_206_map_27.png,1
0,207,Line_207_22.png,Line_207_map_22.png,1
0,208,Bubbles_208_29.png,Bubbles_208_map_29.png,2
0,209,Defect_209_22.png,Defect_209_map_22.png,0
0,210,Bubbles_210_23.png,Bubbles_210_map_23.png,2
0,211,Bubbles_211_28.png,Bubbles_211_map_28.png,2
0,212,Line_212_28.png,Line_212_map_28.png,1
0,213,Bubbles_213_22.png,Bubbles_213_map_22.png,2
0,214,Line_214_21.png,Line_214_map_21.png,1
0,215,Defect_215_25.png,Defect_215_map_25.png,0
0,216,Line_216_24.png,Line_216_map_24.png,1
0,217,Defect_217_25.png,Defect_217_map_25.png,0
0,218,Defect_218_25.png,Defect_218_map_25.png,0
0,219,Line_219_24.png,Line_219_map_24.png,1
0,220,Defect_220_25.png,Defect_220_map_25.png,0
0,221,Bubbles_221_27.png,Bubbles_221_map_27.png,2
0,222,Defect_222_24.png,Defect_222_map_24.png,0
0,223,Defect_223_22.png,Defect_223_map_22.png,0
0,224,Line_224_28.png,Line_224_map_28.png,1
0,225,Line_225_21.png,Line_225_map_21.png,1
0,226,Bubbles_226_28.png,Bubbles_226_map_28.png,2
0,227,Bubbles_227_23.png,Bubbles_227_map_23.png,2
0,228,Line_228_25.png,Line_228_map_25.png,1
0,229,Defect_229_24.png,Defect_229_map_24.png,0
0,230,Defect_230_24.png,Defect_230_map_24.png,0
0,231,Defect_231_26.png,Defect_231_map_26.png,0
0,232,Line_232_24.png,Line_232_map_24.png,1
0,233,Defect_233_21.png,Defect_233_map_21.png,0
0,234,Line_234_29.png,Line_234_map_29.png,1
0,235,Defect_235_20.png,Defect_235_map_20.png,0
0,236,Defect_236_21.png,Defect_236_map_21.png,0
0,237,Bubbles_237_28.png,Bubbles_237_map_28.png,2
0,238,Line_238_20.png,Line_238_map_20.png,1
0,239,Line_239_26.png,Line_239_map_26.png,1
0,240,Line_240_20.png,Line_240_map_20.png,1
0,241,Line_241_22.png,Line_241_map_22.png,1
0,242,Line_242_28.png,Line_242_map_28.png,1
0,243,Bubbles_243_20.png,Bubbles_243_map_20.png,2
0,244,Defect_244_22.png,Defect_244_map_22.png,0
0,245,Defect_245_20.png,Defect_245_map_20.png,0
0,246,Line_246_27.png,Line_246_map_27.png,1
0,247,Bubbles_247_29.png,Bubbles_247_map_29.png,2
0,248,Line_248_23.png,Line_248_map_23.png,1
0,249,Line_249_26.png,Line_249_map_26.png,1
0,250,Bubbles_250_22.png,Bubbles_250_map_22.png,2
0,251,Defect_251_25.png,Defect_251_map_25.png,0
0,252,Line_252_21.png,Line_252_map_21.png,1
0,253,Line_253_26.png,Line_253_map_26.png,1
0,254,Line_254_28.png,Line_254_map_28.png,1
0,255,Bubbles_255_22.png,Bubbles_255_map_22.png,2
0,256,Defect_256_26.png,Defect_256_map_26.png,0
0,257,Defect_257_22.png,Defect_257_map_22.png,0
0,258,Defect_258_27.png,Defect_258_map_27.png,0
0,259,Bubbles_259_22.png,Bubbles_259_map_22.png,2
0,260,Defect_260_20.png,Defect_260_map_20.png,0
0,261,Line_261_28.png,Line_261_map_28.png,1
0,262,Bubbles_262_26.png,Bubbles_262_map_26.png,2
0,263,Bubbles_263_21.png,Bubbles_263_map_21.png,2
0,264,Defect_264_20.png,Defect_264_map_20.png,0
0,265,Line_265_22.png,Line_265_map_22.png,1
0,266,Bubbles_266_29.png,Bubbles_266_map_29.png,2
0,267,Bubbles_267_22.png,Bubbles_267_map_22.png,2
0,268,Line_268_29.png,Line_268_map_29.png,1
0,269,Line_269_29.png,Line_269_map_29.png,1
0,270,Line_270_28.png,Line_270_map_28.png,1
0,271,Defect_271_25.png,Defect_271_map_25.png,0
0,272,Defect_272_27.png,Defect_272_map_27.png,0
0,273,Line_273_22.png,Line_273_map_22.png,1
0,274,Line_274_22.png,Line_274_map_22.png,1
0,275,Defect_275_26.png,Defect_275_map_26.png,0
0,276,Defect_276_20.png,Defect_276_map_20.png,0
0,277,Bubbles_277_20.png,Bubbles_277_map_20.png,2
0,278,Defect_278_25.png,Defect_278_map_25.png,0
0,279,Line_279_21.png,Line_279_map_21.png,1
0,280,Defect_280_24.png,Defect_280_map_24.png,0
0,281,Bubbles_281_22.png,Bubbles_281_map_22.png,2
0,282,Line_282_28.png,Line_282_map_28.png,1
0,283,Defect_283_22.png,Defect_283_map_22.png,0
0,284,Defect_284_25.png,Defect_284_map_25.png,0
0,285,Defect_285_22.png,Defect_285_map_22.png,0
0,286,Bubbles_286_24.png,Bubbles_286_map_24.png,2
0,287,Line_287_28.png,Line_287_map_28.png,1
0,288,Defect_288_26.png,Defect_288_map_26.png,0
0,289,Line_289_29.png,Line_289_map_29.png,1
0,290,Line_290_27.png,Line_290_map_27.png,1
0,291,Line_291_23.png,Line_291_map_23.png,1
0,292,Line_292_26.png,Line_292_map_26.png,1
0,293,Line_293_23.png,Line_293_map_23.png,1
0,294,Line_294_21.png,Line_294_map_21.png,1
0,295,Defect_295_21.png,Defect_295_map_21.png,0
0,296,Line_296_20.png,Line_296_map_20.png,1
0,297,Line_297_24.png,Line_297_map_24.png,1
0,298,Line_298_22.png,Line_298_map_22.png,1
0,299,Bubbles_299_22.png,Bubbles_299_map_22.png,2
0,300,Defect_300_24.png,Defect_300_map_24.png,0
0,301,Bubbles_301_28.png,Bubbles_301_map_28.png,2
0,302,Bubbles_302_25.png,Bubbles_302_map_25.png,2
0,303,Line_303_29.png,Line_303_map_29.png,1
0,304,Line_304_20.png,Line_304_map_20.png,1
0,305,Line_305_26.png,Line_305_map_26.png,1
0,306,Bubbles_306_20.png,Bubbles_306_map_20.png,2
0,307,Line_307_29.png,Line_307_map_29.png,1
0,308,Bubbles_308_22.png,Bubbles_308_map_22.png,2
0,309,Bubbles_309_29.png,Bubbles_309_map_29.png,2
0,310,Line_310_27.png,Line_310_map_27.png,1
0,311,Bubbles_311_26.png,Bubbles_311_map_26.png,2
0,312,Line_312_26.png,Line_312_map_26.png,1
0,313,Bubbles_313_28.png,Bubbles_313_map_28.png,2
0,314,Bubbles_314_27.png,Bubbles_314_map_27.png,2
0,315,Line_315_25.png,Line_315_map_25.png,1
0,316,Bubbles_316_27.png,Bubbles_316_map_27.png,2
0,317,Defect_317_25.png,Defect_317_map_25.png,0
0,318,Defect_318_29.png,Defect_318_map_29.png,0
0,319,Bubbles_319_28.png,Bubbles_319_map_28.png,2
0,320,Bubbles_320_21.png,Bubbles_320_map_21.png,2
0,321,Bubbles_321_27.png,Bubbles_321_map_27.png,2
0,322,Defect_322_29.png,Defect_322_map_29.png,0
0,323,Defect_323_26.png,Defect_323_map_26.png,0
0,324,Defect_324_25.png,Defect_324_map_25.png,0
0,325,Defect_325_26.png,Defect_325_map_26.png,0
0,326,Line_326_27.png,Line_326_map_27.png,1
0,327,Bubbles_327_23.png,Bubbles_327_map_23.png,2
0,328,Defect_328_29.png,Defect_328_map_29.png,0
0,329,Bubbles_329_23.png,Bubbles_329_map_23.png,2
0,330,Defect_330_21.png,Defect_330_map_21.png,0
0,331,Line_331_24.png,Line_331_map_24.png,1
0,332,Bubbles_332_21.png,Bubbles_332_map_21.png,2
0,333,Defect_333_28.png,Defect_333_map_28.png,0
0,334,Defect_334_27.png,Defect_334_map_27.png,0
0,335,Bubbles_335_21.png,Bubbles_335_map_21.png,2
0,336,Bubbles_336_23.png,Bubbles_336_map_23.png,2
0,337,Line_337_27.png,Line_337_map_27.png,1
0,338,Defect_338_27.png,Defect_338_map_27.png,0
0,339,Line_339_25.png,Line_339_map_25.png,1
0,340,Line_340_21.png,Line_340_map_21.png,1
0,341,Bubbles_341_25.png,Bubbles_341_map_25.png,2
0,342,Bubbles_342_23.png,Bubbles_342_map_23.png,2
0,343,Line_343_25.png,Line_343_map_25.png,1
0,344,Defect_344_29.png,Defect_344_map_29.png,0
0,345,Bubbles_345_26.png,Bubbles_345_map_26.png,2
0,346,Bubbles_346_26.png,Bubbles_346_map_26.png,2
0,347,Bubbles_347_28.png,Bubbles_347_map_28.png,2
0,348,Bubbles_348_24.png,Bubbles_348_map_24.png,2
0,349,Bubbles_349_29.png,Bubbles_349_map_29.png,2
0,350,Line_350_25.png,Line_350_map_25.png,1
0,351,Line_351_26.png,Line_351_map_26.png,1
0,352,Bubbles_352_29.png,Bubbles_352_map_29.png,2
0,353,Bubbles_353_20.png,Bubbles_353_map_20.png,2
0,354,Defect_354_21.png,Defect_354_map_21.png,0
0,355,Bubbles_355_20.png,Bubbles_355_map_20.png,2
0,356,Line_356_23.png,Line_356_map_23.png,1
0,357,Line_357_25.png,Line_357_map_25.png,1
0,358,Defect_358_28.png,Defect_358_map_28.png,0
0,359,Line_359_27.png,Line_359_map_27.png,1
0,360,Bubbles_360_22.png,Bubbles_360_map_22.png,2
0,361,Bubbles_361_28.png,Bubbles_361_map_28.png,2
0,362,Bubbles_362_28.png,Bubbles_362_map_28.png,2
0,363,Defect_363_25.png,Defect_363_map_25.png,0
0,364,Bubbles_364_22.png,Bubbles_364_map_22.png,2
0,365,Defect_365_21.png,Defect_365_map_21.png,0
0,366,Bubbles_366_23.png,Bubbles_366_map_23.png,2
0,367,Defect_367_20.png,Defect_367_map_20.png,0
0,368,Line_368_28.png,Line_368_map_28.png,1
0,369,Defect_369_25.png,Defect_369_map_25.png,0
0,370,Defect_370_22.png,Defect_370_map_22.png,0
0,371,Line_371_27.png,Line_371_map_27.png,1
0,372,Bubbles_372_26.png,Bubbles_372_map_26.png,2
0,373,Bubbles_373_29.png,Bubbles_373_map_29.png,2
0,374,Bubbles_374_26.png,Bubbles_374_map_26.png,2
0,375,Line_375_28.png,Line_375_map_28.png,1
0,376,Bubbles_376_27.png,Bubbles_376_map_27.png,2
0,377,Line_377_26.png,Line_377_map_26.png,1
0,378,Bubbles_378_20.png,Bubbles_378_map_20.png,2
0,379,Line_379_22.png,Line_379_map_22.png,1
0,380,Line_380_27.png,Line_380_map_27.png,1
0,381,Line_381_29.png,Line_381_map_29.png,1
0,382,Defect_382_26.png,Defect_382_map_26.png,0
0,383,Line_383_20.png,Line_383_map_20.png,1
0,384,Defect_384_21.png,Defect_384_map_21.png,0
0,385,Defect_385_23.png,Defect_385_map_23.png,0
0,386,Bubbles_386_28.png,Bubbles_386_map_28.png,2
0,387,Line_387_22.png,Line_387_map_22.png,1
0,388,Defect_388_27.png,Defect_388_map_27.png,0
0,389,Bubbles_389_20.png,Bubbles_389_map_20.png,2
0,390,Defect_390_25.png,Defect_390_map_25.png,0
0,391,Line_391_26.png,Line_391_map_26.png,1
0,392,Line_392_25.png,Line_392_map_25.png,1
0,393,Line_393_22.png,Line_393_map_22.png,1
0,394,Bubbles_394_20.png,Bubbles_394_map_20.png,2
0,395,Line_395_26.png,Line_395_map_26.png,1
0,396,Bubbles_396_24.png,Bubbles_396_map_24.png,2
0,397,Bubbles_397_22.png,Bubbles_397_map_22.png,2
0,398,Line_398_25.png,Line_398_map_25.png,1
0,399,Defect_399_29.png,Defect_399_map_29.png,0
0,400,Line_400_29.png,Line_400_map_29.png,1
0,401,Defect_401_21.png,Defect_401_map_21.png,0
0,402,Bubbles_402_23.png,Bubbles_402_map_23.png,2
0,403,Line_403_20.png,Line_403_map_20.png,1
0,404,Bubbles_404_22.png,Bubbles_404_map_22.png,2
0,405,Bubbles_405_22.png,Bubbles_405_map_22.png,2
0,406,Defect_406_29.png,Defect_406_map_29.png,0
0,407,Bubbles_407_23.png,Bubbles_407_map_23.png,2
0,408,Defect_408_21.png,Defect_408_map_21.png,0
0,409,Bubbles_409_20.png,Bubbles_409_map_20.png,2
0,410,Bubbles_410_23.png,Bubbles_410_map_23.png,2
0,411,Line_411_26.png,Line_411_map_26.png,1
0,412,Line_412_20.png,Line_412_map_20.png,1
0,413,Defect_413_25.png,Defect_413_map_25.png,0
0,414,Line_414_26.png,Line_414_map_26.png,1
0,415,Defect_415_21.png,Defect_415_map_21.png,0
0,416,Defect_416_25.png,Defect_416_map_25.png,0
0,417,Line_417_27.png,Line_417_map_27.png,1
0,418,Bubbles_418_22.png,Bubbles_418_map_22.png,2
0,419,Bubbles_419_22.png,Bubbles_419_map_22.png,2
0,420,Defect_420_22.png,Defect_420_map_22.png,0
0,421,Defect_421_29.png,Defect_421_map_29.png,0
0,422,Line_422_24.png,Line_422_map_24.png,1
0,423,Line_423_23.png,Line_423_map_23.png,1
0,424,Bubbles_424_21.png,Bubbles_424_map_21.png,2
0,425,Bubbles_425_26.png,Bubbles_425_map_26.png,2
0,426,Line_426_22.png,Line_426_map_22.png,1
0,427,Line_427_26.png,Line_427_map_26.png,1
0,428,Line_428_21.png,Line_428_map_21.png,1
0,429,Defect_429_28.png,Defect_429_map_28.png,0
0,430,Bubbles_430_29.png,Bubbles_430_map_29.png,2
0,431,Defect_431_23.png,Defect_431_map_23.png,0
0,432,Line_432_25.png,Line_432_map_25.png,1
0,433,Line_433_24.png,Line_433_map_24.png,1
0,434,Line_434_25.png,Line_434_map_25.png,1
0,435,Bubbles_435_24.png,Bubbles_435_map_24.png,2
0,436,Defect_436_24.png,Defect_436_map_24.png,0
0,437,Bubbles_437_28.png,Bubbles_437_map_28.png,2
0,438,Line_438_20.png,Line_438_map_20.png,1
0,439,Line_439_25.png,Line_439_map_25.png,1
0,440,Line_440_21.png,Line_440_map_21.png,1
0,441,Line_441_23.png,Line_441_map_23.png,1
0,442,Defect_442_26.png,Defect_442_map_26.png,0
0,443,Line_443_23.png,Line_443_map_23.png,1
0,444,Bubbles_444_24.png,Bubbles_444_map_24.png,2
0,445,Defect_445_23.png,Defect_445_map_23.png,0
0,446,Bubbles_446_22.png,Bubbles_446_map_22.png,2
0,447,Line_447_28.png,Line_447_map_28.png,1
0,448,Line_448_24.png,Line_448_map_24.png,1
0,449,Defect_449_21.png,Defect_449_map_21.png,0
0,450,Bubbles_450_22.png,Bubbles_450_map_22.png,2
0,451,Defect_451_26.png,Defect_451_map_26.png,0
0,452,Bubbles_452_27.png,Bubbles_452_map_27.png,2
0,453,Bubbles_453_20.png,Bubbles_453_map_20.png,2
0,454,Line_454_29.png,Line_454_map_29.png,1
0,455,Bubbles_455_23.png,Bubbles_455_map_23.png,2
0,456,Line_456_24.png,Line_456_map_24.png,1
0,457,Line_457_29.png,Line_457_map_29.png,1
0,458,Line_458_21.png,Line_458_map_21.png,1
0,459,Line_459_23.png,Line_459_map_23.png,1
0,460,Bubbles_460_22.png,Bubbles_460_map_22.png,2
0,461,Defect_461_26.png,Defect_461_map_26.png,0
0,462,Defect_462_27.png,Defect_462_map_27.png,0
0,463,Defect_463_25.png,Defect_463_map_25.png,0
0,464,Line_464_25.png,Line_464_map_25.png,1
0,465,Line_465_24.png,Line_465_map_24.png,1
0,466,Bubbles_466_25.png,Bubbles_466_map_25.png,2
0,467,Bubbles_467_24.png,Bubbles_467_map_24.png,2
0,468,Bubbles_468_26.png,Bubbles_468_map_26.png,2
0,469,Line_469_22.png,Line_469_map_22.png,1
0,470,Line_470_20.png,Line_470_map_20.png,1
0,471,Defect_471_26.png,Defect_471_map_26.png,0
0,472,Bubbles_472_28.png,Bubbles_472_map_28.png,2
0,473,Line_473_23.png,Line_473_map_23.png,1
0,474,Bubbles_474_27.png,Bubbles_474_map_27.png,2
0,475,Defect_475_23.png,Defect_475_map_23.png,0
0,476,Bubbles_476_26.png,Bubbles_476_map_26.png,2
0,477,Line_477_22.png,Line_477_map_22.png,1
0,478,Bubbles_478_24.png,Bubbles_478_map_24.png,2
0,479,Defect_479_27.png,Defect_479_map_27.png,0
0,480,Line_480_25.png,Line_480_map_25.png,1
0,481,Defect_481_20.png,Defect_481_map_20.png,0
0,482,Defect_482_20.png,Defect_482_map_20.png,0
0,483,Bubbles_483_21.png,Bubbles_483_map_21.png,2
0,484,Bubbles_484_21.png,Bubbles_484_map_21.png,2
0,485,Line_485_22.png,Line_485_map_22.png,1
0,486,Defect_486_22.png,Defect_486_map_22.png,0
0,487,Line_487_22.png,Line_487_map_22.png,1
0,488,Defect_488_21.png,Defect_488_map_21.png,0
0,489,Defect_489_20.png,Defect_489_map_20.png,0
0,490,Line_490_27.png,Line_490_map_27.png,1
0,491,Line_491_23.png,Line_491_map_23.png,1
0,492,Defect_492_23.png,Defect_492_map_23.png,0
0,493,Bubbles_493_25.png,Bubbles_493_map_25.png,2
0,494,Defect_494_22.png,Defect_494_map_22.png,0
0,495,Bubbles_495_20.png,Bubbles_495_map_20.png,2
0,496,Line_496_21.png,Line_496_map_21.png,1
0,497,Bubbles_497_20.png,Bubbles_497_map_20.png,2
0,498,Bubbles_498_23.png,Bubbles_498_map_23.png,2
0,499,Line_499_20.png,Line_499_map_20.png,1
0,500,Line_500_29.png,Line_500_map_29.png,1
0,501,Defect_501_23.png,Defect_501_map_23.png,0
0,502,Bubbles_502_27.png,Bubbles_502_map_27.png,2
0,503,Line_503_25.png,Line_503_map_25.png,1
0,504,Bubbles_504_24.png,Bubbles_504_map_24.png,2
0,505,Bubbles_505_20.png,Bubbles_505_map_20.png,2
0,506,Line_506_21.png,Line_506_map_21.png,1
0,507,Bubbles_507_22.png,Bubbles_507_map_22.png,2
0,508,Bubbles_508_21.png,Bubbles_508_map_21.png,2
0,509,Defect_509_27.png,Defect_509_map_27.png,0
0,510,Line_510_23.png,Line_510_map_23.png,1
0,511,Bubbles_511_24.png,Bubbles_511_map_24.png,2
0,512,Line_512_27.png,Line_512_map_27.png,1
0,513,Line_513_26.png,Line_513_map_26.png,1
0,514,Line_514_29.png,Line_514_map_29.png,1
0,515,Line_515_26.png,Line_515_map_26.png,1
0,516,Defect_516_27.png,Defect_516_map_27.png,0
0,517,Bubbles_517_20.png,Bubbles_517_map_20.png,2
0,518,Line_518_29.png,Line_518_map_29.png,1
0,519,Defect_519_26.png,Defect_519_map_26.png,0
0,520,Bubbles_520_26.png,Bubbles_520_map_26.png,2
0,521,Defect_521_25.png,Defect_521_map_25.png,0
0,522,Line_522_26.png,Line_522_map_26.png,1
0,523,Line_523_29.png,Line_523_map_29.png,1
0,524,Defect_524_28.png,Defect_524_map_28.png,0
0,525,Bubbles_525_25.png,Bubbles_525_map_25.png,2
0,526,Defect_526_22.png,Defect_526_map_22.png,0
0,527,Line_527_29.png,Line_527_map_29.png,1
0,528,Defect_528_25.png,Defect_528_map_25.png,0
0,529,Defect_529_27.png,Defect_529_map_27.png,0
0,530,Line_530_28.png,Line_530_map_28.png,1
0,531,Line_531_23.png,Line_531_map_23.png,1
0,532,Bubbles_532_28.png,Bubbles_532_map_28.png,2
0,533,Bubbles_533_25.png,Bubbles_533_map_25.png,2
0,534,Defect_534_22.png,Defect_534_map_22.png,0
0,535,Line_535_29.png,Line_535_map_29.png,1
0,536,Defect_536_29.png,Defect_536_map_29.png,0
0,537,Line_537_29.png,Line_537_map_29.png,1
0,538,Line_538_29.png,Line_538_map_29.png,1
0,539,Bubbles_539_26.png,Bubbles_539_map_26.png,2
0,540,Bubbles_540_29.png,Bubbles_540_map_29.png,2
0,541,Line_541_24.png,Line_541_map_24.png,1
0,542,Bubbles_542_28.png,Bubbles_542_map_28.png,2
0,543,Defect_543_23.png,Defect_543_map_23.png,0
0,544,Line_544_21.png,Line_544_map_21.png,1
0,545,Defect_545_20.png,Defect_545_map_20.png,0
0,546,Line_546_23.png,Line_546_map_23.png,1
0,547,Bubbles_547_23.png,Bubbles_547_map_23.png,2
0,548,Bubbles_548_21.png,Bubbles_548_map_21.png,2
0,549,Bubbles_549_24.png,Bubbles_549_map_24.png,2
0,550,Defect_550_20.png,Defect_550_map_20.png,0
0,551,Bubbles_551_28.png,Bubbles_551_map_28.png,2
0,552,Bubbles_552_20.png,Bubbles_552_map_20.png,2
0,553,Defect_553_22.png,Defect_553_map_22.png,0
0,554,Defect_554_28.png,Defect_554_map_28.png,0
0,555,Bubbles_555_29.png,Bubbles_555_map_29.png,2
0,556,Bubbles_556_24.png,Bubbles_556_map_24.png,2
0,557,Bubbles_557_29.png,Bubbles_557_map_29.png,2
0,558,Defect_558_23.png,Defect_558_map_23.png,0
0,559,Bubbles_559_29.png,Bubbles_559_map_29.png,2
0,560,Line_560_23.png,Line_560_map_23.png,1
0,561,Defect_561_20.png,Defect_561_map_20.png,0
0,562,Defect_562_29.png,Defect_562_map_29.png,0
0,563,Defect_563_22.png,Defect_563_map_22.png,0
0,564,Line_564_24.png,Line_564_map_24.png,1
0,565,Line_565_26.png,Line_565_map_26.png,1
0,566,Bubbles_566_21.png,Bubbles_566_map_21.png,2
0,567,Defect_567_22.png,Defect_567_map_22.png,0
0,568,Defect_568_21.png,Defect_568_map_21.png,0
0,569,Line_569_21.png,Line_569_map_21.png,1
0,570,Defect_570_28.png,Defect_570_map_28.png,0
0,571,Bubbles_571_26.png,Bubbles_571_map_26.png,2
0,572,Line_572_26.png,Line_572_map_26.png,1
0,573,Bubbles_573_23.png,Bubbles_573_map_23.png,2
0,574,Bubbles_574_20.png,Bubbles_574_map_20.png,2
0,575,Line_575_23.png,Line_575_map_23.png,1
0,576,Line_576_25.png,Line_576_map_25.png,1
0,577,Bubbles_577_25.png,Bubbles_577_map_25.png,2
0,578,Defect_578_21.png,Defect_578_map_21.png,0
0,579,Line_579_22.png,Line_579_map_22.png,1
0,580,Line_580_21.png,Line_580_map_21.png,1
0,581,Defect_581_22.png,Defect_581_map_22.png,0
0,582,Line_582_20.png,Line_582_map_20.png,1
0,583,Defect_583_25.png,Defect_583_map_25.png,0
0,584,Defect_584_28.png,Defect_584_map_28.png,0
0,585,Defect_585_26.png,Defect_585_map_26.png,0
0,586,Line_586_29.png,Line_586_map_29.png,1
0,587,Bubbles_587_22.png,Bubbles_587_map_22.png,2
0,588,Bubbles_588_26.png,Bubbles_588_map_26.png,2
0,589,Bubbles_589_21.png,Bubbles_589_map_21.png,2
0,590,Defect_590_20.png,Defect_590_map_20.png,0
0,591,Defect_591_22.png,Defect_591_map_22.png,0
0,592,Line_592_20.png,Line_592_map_20.png,1
0,593,Bubbles_593_23.png,Bubbles_593_map_23.png,2
0,594,Line_594_29.png,Line_594_map_29.png,1
0,595,Line_595_29.png,Line_595_map_29.png,1
0,596,Defect_596_22.png,Defect_596_map_22.png,0
0,597,Bubbles_597_20.png,Bubbles_597_map_20.png,2
0,598,Line_598_28.png,Line_598_map_28.png,1
0,599,Line_599_27.png,Line_599_map_27.png,1
0,600,Bubbles_600_29.png,Bubbles_600_map_29.png,2
0,601,Defect_601_20.png,Defect_601_map_20.png,0
0,602,Bubbles_602_24.png,Bubbles_602_map_24.png,2
0,603,Bubbles_603_23.png,Bubbles_603_map_23.png,2
0,604,Bubbles_604_29.png,Bubbles_604_map_29.png,2
0,605,Line_605_23.png,Line_605_map_23.png,1
0,606,Defect_606_20.png,Defect_606_map_20.png,0
0,607,Bubbles_607_28.png,Bubbles_607_map_28.png,2
0,608,Defect_608_23.png,Defect_608_map_23.png,0
0,609,Bubbles_609_22.png,Bubbles_609_map_22.png,2
0,610,Line_610_24.png,Line_610_map_24.png,1
0,611,Bubbles_611_28.png,Bubbles_611_map_28.png,2
0,612,Line_612_29.png,Line_612_map_29.png,1
0,613,Defect_613_26.png,Defect_613_map_26.png,0
0,614,Bubbles_614_27.png,Bubbles_614_map_27.png,2
0,615,Bubbles_615_23.png,Bubbles_615_map_23.png,2
0,616,Defect_616_23.png,Defect_616_map_23.png,0
0,617,Bubbles_617_24.png,Bubbles_617_map_24.png,2
0,618,Defect_618_25.png,Defect_618_map_25.png,0
0,619,Bubbles_619_22.png,Bubbles_619_map_22.png,2
0,620,Bubbles_620_24.png,Bubbles_620_map_24.png,2
0,621,Defect_621_27.png,Defect_621_map_27.png,0
0,622,Bubbles_622_28.png,Bubbles_622_map_28.png,2
0,623,Defect_623_20.png,Defect_623_map_20.png,0
0,624,Bubbles_624_24.png,Bubbles_624_map_24.png,2
0,625,Line_625_26.png,Line_625_map_26.png,1
0,626,Bubbles_626_24.png,Bubbles_626_map_24.png,2
0,627,Line_627_24.png,Line_627_map_24.png,1
0,628,Line_628_23.png,Line_628_map_23.png,1
0,629,Bubbles_629_24.png,Bubbles_629_map_24.png,2
0,630,Defect_630_25.png,Defect_630_map_25.png,0
0,631,Line_631_25.png,Line_631_map_25.png,1
0,632,Defect_632_24.png,Defect_632_map_24.png,0
0,633,Bubbles_633_24.png,Bubbles_633_map_24.png,2
0,634,Defect_634_29.png,Defect_634_map_29.png,0
0,635,Bubbles_635_21.png,Bubbles_635_map_21.png,2
0,636,Line_636_24.png,Line_636_map_24.png,1
0,637,Defect_637_27.png,Defect_637_map_27.png,0
0,638,Bubbles_638_20.png,Bubbles_638_map_20.png,2
0,639,Bubbles_639_26.png,Bubbles_639_map_26.png,2
0,640,Line_640_24.png,Line_640_map_24.png,1
0,641,Defect_641_24.png,Defect_641_map_24.png,0
0,642,Line_642_26.png,Line_642_map_26.png,1
0,643,Defect_643_25.png,Defect_643_map_25.png,0
0,644,Line_644_26.png,Line_644_map_26.png,1
0,645,Line_645_28.png,Line_645_map_28.png,1
0,646,Line_646_20.png,Line_646_map_20.png,1
0,647,Defect_647_21.png,Defect_647_map_21.png,0
0,648,Line_648_26.png,Line_648_map_26.png,1
0,649,Bubbles_649_25.png,Bubbles_649_map_25.png,2
0,650,Defect_650_23.png,Defect_650_map_23.png,0
0,651,Line_651_23.png,Line_651_map_23.png,1
0,652,Line_652_20.png,Line_652_map_20.png,1
0,653,Bubbles_653_29.png,Bubbles_653_map_29.png,2
0,654,Bubbles_654_23.png,Bubbles_654_map_23.png,2
0,655,Bubbles_655_25.png,Bubbles_655_map_25.png,2
0,656,Bubbles_656_24.png,Bubbles_656_map_24.png,2
0,657,Line_657_26.png,Line_657_map_26.png,1
0,658,Line_658_28.png,Line_658_map_28.png,1
0,659,Bubbles_659_22.png,Bubbles_659_map_22.png,2
0,660,Defect_660_22.png,Defect_660_map_22.png,0
0,661,Defect_661_22.png,Defect_661_map_22.png,0
0,662,Defect_662_29.png,Defect_662_map_29.png,0
0,663,Line_663_26.png,Line_663_map_26.png,1
0,664,Defect_664_25.png,Defect_664_map_25.png,0
0,665,Bubbles_665_20.png,Bubbles_665_map_20.png,2
0,666,Defect_666_24.png,Defect_666_map_24.png,0
0,667,Defect_667_20.png,Defect_667_map_20.png,0
0,668,Bubbles_668_26.png,Bubbles_668_map_26.png,2
0,669,Bubbles_669_27.png,Bubbles_669_map_27.png,2
0,670,Bubbles_670_20.png,Bubbles_670_map_20.png,2
0,671,Line_671_23.png,Line_671_map_23.png,1
0,672,Bubbles_672_28.png,Bubbles_672_map_28.png,2
0,673,Line_673_23.png,Line_673_map_23.png,1
0,674,Defect_674_21.png,Defect_674_map_21.png,0
0,675,Line_675_27.png,Line_675_map_27.png,1
0,676,Defect_676_29.png,Defect_676_map_29.png,0
0,677,Bubbles_677_25.png,Bubbles_677_map_25.png,2
0,678,Bubbles_678_26.png,Bubbles_678_map_26.png,2
0,679,Defect_679_22.png,Defect_679_map_22.png,0
0,680,Bubbles_680_20.png,Bubbles_680_map_20.png,2
0,681,Defect_681_21.png,Defect_681_map_21.png,0
0,682,Line_682_20.png,Line_682_map_20.png,1
0,683,Defect_683_25.png,Defect_683_map_25.png,0
0,684,Line_684_24.png,Line_684_map_24.png,1
0,685,Line_685_22.png,Line_685_map_22.png,1
0,686,Line_686_26.png,Line_686_map_26.png,1
0,687,Bubbles_687_20.png,Bubbles_687_map_20.png,2
0,688,Line_688_29.png,Line_688_map_29.png,1
0,689,Line_689_21.png,Line_689_map_21.png,1
0,690,Line_690_20.png,Line_690_map_20.png,1
0,691,Defect_691_23.png,Defect_691_map_23.png,0
0,692,Bubbles_692_21.png,Bubbles_692_map_21.png,2
0,693,Line_693_22.png,Line_693_map_22.png,1
0,694,Bubbles_694_21.png,Bubbles_694_map_21.png,2
0,695,Line_695_21.png,Line_695_map_21.png,1
0,696,Bubbles_696_29.png,Bubbles_696_map_29.png,2
0,697,Line_697_21.png,Line_697_map_21.png,1
0,698,Bubbles_698_23.png,Bubbles_698_map_23.png,2
0,699,Bubbles_699_22.png,Bubbles_699_map_22.png,2
0,700,Line_700_20.png,Line_700_map_20.png,1
0,701,Bubbles_701_27.png,Bubbles_701_map_27.png,2
0,702,Defect_702_29.png,Defect_702_map_29.png,0
0,703,Defect_703_21.png,Defect_703_map_21.png,0
0,704,Bubbles_704_25.png,Bubbles_704_map_25.png,2
0,705,Bubbles_705_27.png,Bubbles_705_map_27.png,2
0,706,Line_706_22.png,Line_706_map_22.png,1
0,707,Bubbles_707_28.png,Bubbles_707_map_28.png,2
0,708,Line_708_25.png,Line_708_map_25.png,1
0,709,Bubbles_709_26.png,Bubbles_709_map_26.png,2
0,710,Defect_710_23.png,Defect_710_map_23.png,0
0,711,Bubbles_711_21.png,Bubbles_711_map_21.png,2
0,712,Line_712_20.png,Line_712_map_20.png,1
0,713,Bubbles_713_23.png,Bubbles_713_map_23.png,2
0,714,Bubbles_714_29.png,Bubbles_714_map_29.png,2
0,715,Line_715_20.png,Line_715_map_20.png,1
0,716,Bubbles_716_22.png,Bubbles_716_map_22.png,2
0,717,Defect_717_21.png,Defect_717_map_21.png,0
0,718,Bubbles_718_24.png,Bubbles_718_map_24.png,2
0,719,Bubbles_719_28.png,Bubbles_719_map_28.png,2
0,720,Line_720_26.png,Line_720_map_26.png,1
0,721,Line_721_25.png,Line_721_map_25.png,1
0,722,Bubbles_722_24.png,Bubbles_722_map_24.png,2
0,723,Bubbles_723_26.png,Bubbles_723_map_26.png,2
0,724,Bubbles_724_24.png,Bubbles_724_map_24.png,2
0,725,Bubbles_725_28.png,Bubbles_725_map_28.png,2
0,726,Defect_726_24.png,Defect_726_map_24.png,0
0,727,Bubbles_727_26.png,Bubbles_727_map_26.png,2
0,728,Line_728_25.png,Line_728_map_25.png,1
0,729,Bubbles_729_26.png,Bubbles_729_map_26.png,2
0,730,Line_730_25.png,Line_730_map_25.png,1
0,731,Bubbles_731_25.png,Bubbles_731_map_25.png,2
0,732,Defect_732_20.png,Defect_732_map_20.png,0
0,733,Defect_733_25.png,Defect_733_map_25.png,0
0,734,Bubbles_734_24.png,Bubbles_734_map_24.png,2
0,735,Line_735_23.png,Line_735_map_23.png,1
0,736,Defect_736_25.png,Defect_736_map_25.png,0
0,737,Bubbles_737_25.png,Bubbles_737_map_25.png,2
0,738,Line_738_24.png,Line_738_map_24.png,1
0,739,Bubbles_739_21.png,Bubbles_739_map_21.png,2
0,740,Defect_740_27.png,Defect_740_map_27.png,0
0,741,Bubbles_741_25.png,Bubbles_741_map_25.png,2
0,742,Defect_742_21.png,Defect_742_map_21.png,0
0,743,Bubbles_743_29.png,Bubbles_743_map_29.png,2
0,744,Line_744_27.png,Line_744_map_27.png,1
0,745,Line_745_27.png,Line_745_map_27.png,1
0,746,Bubbles_746_21.png,Bubbles_746_map_21.png,2
0,747,Line_747_25.png,Line_747_map_25.png,1
0,748,Defect_748_25.png,Defect_748_map_25.png,0
0,749,Line_749_23.png,Line_749_map_23.png,1
0,750,Defect_750_24.png,Defect_750_map_24.png,0
0,751,Bubbles_751_23.png,Bubbles_751_map_23.png,2
0,752,Bubbles_752_22.png,Bubbles_752_map_22.png,2
0,753,Defect_753_27.png,Defect_753_map_27.png,0
0,754,Line_754_24.png,Line_754_map_24.png,1
0,755,Defect_755_24.png,Defect_755_map_24.png,0
0,756,Bubbles_756_23.png,Bubbles_756_map_23.png,2
0,757,Line_757_29.png,Line_757_map_29.png,1
0,758,Defect_758_28.png,Defect_758_map_28.png,0
0,759,Line_759_25.png,Line_759_map_25.png,1
0,760,Line_760_26.png,Line_760_map_26.png,1
0,761,Line_761_23.png,Line_761_map_23.png,1
0,762,Bubbles_762_21.png,Bubbles_762_map_21.png,2
0,763,Line_763_29.png,Line_763_map_29.png,1
0,764,Line_764_29.png,Line_764_map_29.png,1
0,765,Line_765_26.png,Line_765_map_26.png,1
0,766,Defect_766_21.png,Defect_766_map_21.png,0
0,767,Bubbles_767_27.png,Bubbles_767_map_27.png,2
0,768,Defect_768_24.png,Defect_768_map_24.png,0
0,769,Defect_769_25.png,Defect_769_map_25.png,0
0,770,Bubbles_770_22.png,Bubbles_770_map_22.png,2
0,771,Line_771_28.png,Line_771_map_28.png,1
0,772,Defect_772_23.png,Defect_772_map_23.png,0
0,773,Bubbles_773_24.png,Bubbles_773_map_24.png,2
0,774,Line_774_26.png,Line_774_map_26.png,1
0,775,Defect_775_29.png,Defect_775_map_29.png,0
0,776,Line_776_26.png,Line_776_map_26.png,1
0,777,Bubbles_777_27.png,Bubbles_777_map_27.png,2
0,778,Defect_778_22.png,Defect_778_map_22.png,0
0,779,Bubbles_779_22.png,Bubbles_779_map_22.png,2
0,780,Bubbles_780_24.png,Bubbles_780_map_24.png,2
0,781,Bubbles_781_28.png,Bubbles_781_map_28.png,2
0,782,Bubbles_782_24.png,Bubbles_782_map_24.png,2
0,783,Line_783_28.png,Line_783_map_28.png,1
0,784,Bubbles_784_26.png,Bubbles_784_map_26.png,2
0,785,Bubbles_785_20.png,Bubbles_785_map_20.png,2
0,786,Line_786_29.png,Line_786_map_29.png,1
0,787,Bubbles_787_24.png,Bubbles_787_map_24.png,2
0,788,Defect_788_26.png,Defect_788_map_26.png,0
0,789,Line_789_23.png,Line_789_map_23.png,1
0,790,Bubbles_790_23.png,Bubbles_790_map_23.png,2
0,791,Defect_791_27.png,Defect_791_map_27.png,0
0,792,Bubbles_792_22.png,Bubbles_792_map_22.png,2
0,793,Defect_793_28.png,Defect_793_map_28.png,0
0,794,Defect_794_22.png,Defect_794_map_22.png,0
0,795,Bubbles_795_29.png,Bubbles_795_map_29.png,2
0,796,Bubbles_796_26.png,Bubbles_796_map_26.png,2
0,797,Line_797_29.png,Line_797_map_29.png,1
0,798,Line_798_22.png,Line_798_map_22.png,1
0,799,Line_799_26.png,Line_799_map_26.png,1
0,800,Line_800_22.png,Line_800_map_22.png,1
0,801,Defect_801_21.png,Defect_801_map_21.png,0
0,802,Defect_802_24.png,Defect_802_map_24.png,0
0,803,Line_803_21.png,Line_803_map_21.png,1
0,804,Bubbles_804_24.png,Bubbles_804_map_24.png,2
0,805,Line_805_24.png,Line_805_map_24.png,1
0,806,Bubbles_806_26.png,Bubbles_806_map_26.png,2
0,807,Bubbles_807_29.png,Bubbles_807_map_29.png,2
0,808,Bubbles_808_20.png,Bubbles_808_map_20.png,2
0,809,Bubbles_809_23.png,Bubbles_809_map_23.png,2
0,810,Defect_810_22.png,Defect_810_map_22.png,0
0,811,Bubbles_811_25.png,Bubbles_811_map_25.png,2
0,812,Defect_812_21.png,Defect_812_map_21.png,0
0,813,Bubbles_813_25.png,Bubbles_813_map_25.png,2
0,814,Line_814_22.png,Line_814_map_22.png,1
0,815,Defect_815_23.png,Defect_815_map_23.png,0
0,816,Line_816_28.png,Line_816_map_28.png,1
0,817,Bubbles_817_27.png,Bubbles_817_map_27.png,2
0,818,Bubbles_818_22.png,Bubbles_818_map_22.png,2
0,819,Defect_819_28.png,Defect_819_map_28.png,0
0,820,Bubbles_820_24.png,Bubbles_820_map_24.png,2
0,821,Bubbles_821_29.png,Bubbles_821_map_29.png,2
0,822,Line_822_29.png,Line_822_map_29.png,1
0,823,Defect_823_22.png,Defect_823_map_22.png,0
0,824,Defect_824_20.png,Defect_824_map_20.png,0
0,825,Line_825_22.png,Line_825_map_22.png,1
0,826,Bubbles_826_26.png,Bubbles_826_map_26.png,2
0,827,Line_827_24.png,Line_827_map_24.png,1
0,828,Bubbles_828_22.png,Bubbles_828_map_22.png,2
0,829,Bubbles_829_20.png,Bubbles_829_map_20.png,2
0,830,Defect_830_26.png,Defect_830_map_26.png,0
0,831,Defect_831_23.png,Defect_831_map_23.png,0
0,832,Line_832_28.png,Line_832_map_28.png,1
0,833,Line_833_27.png,Line_833_map_27.png,1
0,834,Bubbles_834_21.png,Bubbles_834_map_21.png,2
0,835,Line_835_28.png,Line_835_map_28.png,1
0,836,Line_836_23.png,Line_836_map_23.png,1
0,837,Bubbles_837_21.png,Bubbles_837_map_21.png,2
0,838,Defect_838_27.png,Defect_838_map_27.png,0
0,839,Bubbles_839_29.png,Bubbles_839_map_29.png,2
0,840,Line_840_20.png,Line_840_map_20.png,1
0,841,Bubbles_841_26.png,Bubbles_841_map_26.png,2
0,842,Line_842_23.png,Line_842_map_23.png,1
0,843,Line_843_20.png,Line_843_map_20.png,1
0,844,Line_844_21.png,Line_844_map_21.png,1
0,845,Line_845_20.png,Line_845_map_20.png,1
0,846,Defect_846_25.png,Defect_846_map_25.png,0
0,847,Defect_847_28.png,Defect_847_map_28.png,0
0,848,Bubbles_848_24.png,Bubbles_848_map_24.png,2
0,849,Defect_849_23.png,Defect_849_map_23.png,0
0,850,Line_850_22.png,Line_850_map_22.png,1
0,851,Defect_851_23.png,Defect_851_map_23.png,0
0,852,Defect_852_21.png,Defect_852_map_21.png,0
0,853,Defect_853_24.png,Defect_853_map_24.png,0
0,854,Bubbles_854_28.png,Bubbles_854_map_28.png,2
0,855,Bubbles_855_21.png,Bubbles_855_map_21.png,2
0,856,Bubbles_856_28.png,Bubbles_856_map_28.png,2
0,857,Bubbles_857_24.png,Bubbles_857_map_24.png,2
0,858,Bubbles_858_22.png,Bubbles_858_map_22.png,2
0,859,Defect_859_28.png,Defect_859_map_28.png,0
0,860,Defect_860_28.png,Defect_860_map_28.png,0
0,861,Line_861_26.png,Line_861_map_26.png,1
0,862,Defect_862_23.png,Defect_862_map_23.png,0
0,863,Bubbles_863_29.png,Bubbles_863_map_29.png,2
0,864,Bubbles_864_28.png,Bubbles_864_map_28.png,2
0,865,Line_865_21.png,Line_865_map_21.png,1
0,866,Line_866_26.png,Line_866_map_26.png,1
0,867,Line_867_28.png,Line_867_map_28.png,1
0,868,Bubbles_868_28.png,Bubbles_868_map_28.png,2
0,869,Line_869_23.png,Line_869_map_23.png,1
0,870,Line_870_27.png,Line_870_map_27.png,1
0,871,Bubbles_871_29.png,Bubbles_871_map_29.png,2
0,872,Line_872_29.png,Line_872_map_29.png,1
0,873,Bubbles_873_22.png,Bubbles_873_map_22.png,2
0,874,Bubbles_874_21.png,Bubbles_874_map_21.png,2
0,875,Line_875_21.png,Line_875_map_21.png,1
0,876,Bubbles_876_21.png,Bubbles_876_map_21.png,2
0,877,Bubbles_877_24.png,Bubbles_877_map_24.png,2
0,878,Bubbles_878_23.png,Bubbles_878_map_23.png,2
0,879,Line_879_20.png,Line_879_map_20.png,1
0,880,Bubbles_880_25.png,Bubbles_880_map_25.png,2
0,881,Defect_881_24.png,Defect_881_map_24.png,0
0,882,Line_882_21.png,Line_882_map_21.png,1
0,883,Bubbles_883_28.png,Bubbles_883_map_28.png,2
0,884,Bubbles_884_21.png,Bubbles_884_map_21.png,2
0,885,Bubbles_885_24.png,Bubbles_885_map_24.png,2
0,886,Defect_886_25.png,Defect_886_map_25.png,0
0,887,Defect_887_23.png,Defect_887_map_23.png,0
0,888,Line_888_23.png,Line_888_map_23.png,1
0,889,Bubbles_889_29.png,Bubbles_889_map_29.png,2
0,890,Defect_890_26.png,Defect_890_map_26.png,0
0,891,Bubbles_891_20.png,Bubbles_891_map_20.png,2
0,892,Defect_892_25.png,Defect_892_map_25.png,0
0,893,Bubbles_893_22.png,Bubbles_893_map_22.png,2
0,894,Defect_894_26.png,Defect_894_map_26.png,0
0,895,Defect_895_22.png,Defect_895_map_22.png,0
0,896,Defect_896_22.png,Defect_896_map_22.png,0
0,897,Bubbles_897_24.png,Bubbles_897_map_24.png,2
0,898,Bubbles_898_28.png,Bubbles_898_map_28.png,2
0,899,Line_899_27.png,Line_899_map_27.png,1
0,900,Defect_900_24.png,Defect_900_map_24.png,0
0,901,Line_901_25.png,Line_901_map_25.png,1
0,902,Bubbles_902_24.png,Bubbles_902_map_24.png,2
0,903,Line_903_28.png,Line_903_map_28.png,1
0,904,Bubbles_904_29.png,Bubbles_904_map_29.png,2
0,905,Bubbles_905_24.png,Bubbles_905_map_24.png,2
0,906,Bubbles_906_23.png,Bubbles_906_map_23.png,2
0,907,Defect_907_28.png,Defect_907_map_28.png,0
0,908,Bubbles_908_20.png,Bubbles_908_map_20.png,2
0,909,Bubbles_909_29.png,Bubbles_909_map_29.png,2
0,910,Bubbles_910_28.png,Bubbles_910_map_28.png,2
0,911,Defect_911_29.png,Defect_911_map_29.png,0
0,912,Line_912_27.png,Line_912_map_27.png,1
0,913,Line_913_28.png,Line_913_map_28.png,1
0,914,Bubbles_914_24.png,Bubbles_914_map_24.png,2
0,915,Bubbles_915_26.png,Bubbles_915_map_26.png,2
0,916,Defect_916_26.png,Defect_916_map_26.png,0
0,917,Bubbles_917_22.png,Bubbles_917_map_22.png,2
0,918,Bubbles_918_22.png,Bubbles_918_map_22.png,2
0,919,Bubbles_919_26.png,Bubbles_919_map_26.png,2
0,920,Line_920_27.png,Line_920_map_27.png,1
0,921,Defect_921_20.png,Defect_921_map_20.png,0
0,922,Bubbles_922_23.png,Bubbles_922_map_23.png,2
0,923,Line_923_26.png,Line_923_map_26.png,1
0,924,Defect_924_27.png,Defect_924_map_27.png,0
0,925,Line_925_23.png,Line_925_map_23.png,1
0,926,Defect_926_23.png,Defect_926_map_23.png,0
0,927,Bubbles_927_27.png,Bubbles_927_map_27.png,2
0,928,Bubbles_928_26.png,Bubbles_928_map_26.png,2
0,929,Bubbles_929_25.png,Bubbles_929_map_25.png,2
0,930,Bubbles_930_28.png,Bubbles_930_map_28.png,2
0,931,Line_931_24.png,Line_931_map_24.png,1
0,932,Line_932_24.png,Line_932_map_24.png,1
0,933,Bubbles_933_22.png,Bubbles_933_map_22.png,2
0,934,Line_934_28.png,Line_934_map_28.png,1
0,935,Defect_935_24.png,Defect_935_map_24.png,0
0,936,Defect_936_23.png,Defect_936_map_23.png,0
0,937,Bubbles_937_20.png,Bubbles_937_map_20.png,2
0,938,Bubbles_938_27.png,Bubbles_938_map_27.png,2
0,939,Defect_939_24.png,Defect_939_map_24.png,0
0,940,Bubbles_940_27.png,Bubbles_940_map_27.png,2
0,941,Defect_941_22.png,Defect_941_map_22.png,0
0,942,Defect_942_22.png,Defect_942_map_22.png,0
0,943,Defect_943_27.png,Defect_943_map_27.png,0
0,944,Defect_944_22.png,Defect_944_map_22.png,0
0,945,Bubbles_945_23.png,Bubbles_945_map_23.png,2
0,946,Line_946_24.png,Line_946_map_24.png,1
0,947,Defect_947_23.png,Defect_947_map_23.png,0
0,948,Defect_948_28.png,Defect_948_map_28.png,0
0,949,Line_949_27.png,Line_949_map_27.png,1
0,950,Defect_950_26.png,Defect_950_map_26.png,0
0,951,Defect_951_27.png,Defect_951_map_27.png,0
0,952,Bubbles_952_28.png,Bubbles_952_map_28.png,2
0,953,Line_953_22.png,Line_953_map_22.png,1
0,954,Defect_954_22.png,Defect_954_map_22.png,0
0,955,Line_955_28.png,Line_955_map_28.png,1
0,956,Line_956_27.png,Line_956_map_27.png,1
0,957,Defect_957_21.png,Defect_957_map_21.png,0
0,958,Defect_958_26.png,Defect_958_map_26.png,0
0,959,Bubbles_959_29.png,Bubbles_959_map_29.png,2
0,960,Defect_960_27.png,Defect_960_map_27.png,0
0,961,Bubbles_961_28.png,Bubbles_961_map_28.png,2
0,962,Bubbles_962_22.png,Bubbles_962_map_22.png,2
0,963,Defect_963_25.png,Defect_963_map_25.png,0
0,964,Bubbles_964_20.png,Bubbles_964_map_20.png,2
0,965,Bubbles_965_23.png,Bubbles_965_map_23.png,2
0,966,Bubbles_966_27.png,Bubbles_966_map_27.png,2
0,967,Defect_967_23.png,Defect_967_map_23.png,0
0,968,Line_968_21.png,Line_968_map_21.png,1
0,969,Line_969_29.png,Line_969_map_29.png,1
0,970,Line_970_23.png,Line_970_map_23.png,1
0,971,Bubbles_971_28.png,Bubbles_971_map_28.png,2
0,972,Defect_972_24.png,Defect_972_map_24.png,0
0,973,Bubbles_973_23.png,Bubbles_973_map_23.png,2
0,974,Line_974_25.png,Line_974_map_25.png,1
0,975,Defect_975_27.png,Defect_975_map_27.png,0
0,976,Bubbles_976_25.png,Bubbles_976_map_25.png,2
0,977,Defect_977_21.png,Defect_977_map_21.png,0
0,978,Line_978_28.png,Line_978_map_28.png,1
0,979,Line_979_20.png,Line_979_map_20.png,1
0,980,Bubbles_980_24.png,Bubbles_980_map_24.png,2
0,981,Defect_981_29.png,Defect_981_map_29.png,0
0,982,Bubbles_982_22.png,Bubbles_982_map_22.png,2
0,983,Bubbles_983_24.png,Bubbles_983_map_24.png,2
0,984,Defect_984_29.png,Defect_984_map_29.png,0
0,985,Defect_985_25.png,Defect_985_map_25.png,0
0,986,Defect_986_23.png,Defect_986_map_23.png,0
0,987,Bubbles_987_26.png,Bubbles_987_map_26.png,2
0,988,Bubbles_988_20.png,Bubbles_988_map_20.png,2
0,989,Bubbles_989_25.png,Bubbles_989_map_25.png,2
0,990,Defect_990_28.png,Defect_990_map_28.png,0
0,991,Line_991_23.png,Line_991_map_23.png,1
0,992,Line_992_26.png,Line_992_map_26.png,1
0,993,Bubbles_993_28.png,Bubbles_993_map_28.png,2
0,994,Line_994_23.png,Line_994_map_23.png,1
0,995,Line_995_27.png,Line_995_map_27.png,1
0,996,Bubbles_996_26.png,Bubbles_996_map_26.png,2
0,997,Bubbles_997_24.png,Bubbles_997_map_24.png,2
0,998,Defect_998_22.png,Defect_998_map_22.png,0
0,999,Bubbles_999_25.png,Bubbles_999_map_25.png,2
0,1000,Bubbles_1000_22.png,Bubbles_1000_map_22.png,2
0,1001,Line_1001_21.png,Line_1001_map_21.png,1
0,1002,Bubbles_1002_25.png,Bubbles_1002_map_25.png,2
0,1003,Line_1003_22.png,Line_1003_map_22.png,1
0,1004,Bubbles_1004_27.png,Bubbles_1004_map_27.png,2
0,1005,Line_1005_20.png,Line_1005_map_20.png,1
0,1006,Bubbles_1006_24.png,Bubbles_1006_map_24.png,2
0,1007,Bubbles_1007_21.png,Bubbles_1007_map_21.png,2
0,1008,Line_1008_26.png,Line_1008_map_26.png,1
0,1009,Defect_1009_28.png,Defect_1009_map_28.png,0
0,1010,Line_1010_21.png,Line_1010_map_21.png,1
0,1011,Defect_1011_26.png,Defect_1011_map_26.png,0
0,1012,Line_1012_26.png,Line_1012_map_26.png,1
0,1013,Bubbles_1013_20.png,Bubbles_1013_map_20.png,2
0,1014,Line_1014_24.png,Line_1014_map_24.png,1
0,1015,Bubbles_1015_26.png,Bubbles_1015_map_26.png,2
0,1016,Defect_1016_25.png,Defect_1016_map_25.png,0
0,1017,Defect_1017_27.png,Defect_1017_map_27.png,0
0,1018,Line_1018_24.png,Line_1018_map_24.png,1
0,1019,Line_1019_26.png,Line_1019_map_26.png,1
0,1020,Bubbles_1020_24.png,Bubbles_1020_map_24.png,2
0,1021,Bubbles_1021_23.png,Bubbles_1021_map_23.png,2
0,1022,Bubbles_1022_29.png,Bubbles_1022_map_29.png,2
0,1023,Line_1023_24.png,Line_1023_map_24.png,1
0,1024,Defect_1024_28.png,Defect_1024_map_28.png,0
0,1025,Line_1025_26.png,Line_1025_map_26.png,1
0,1026,Bubbles_1026_20.png,Bubbles_1026_map_20.png,2
0,1027,Line_1027_22.png,Line_1027_map_22.png,1
0,1028,Line_1028_26.png,Line_1028_map_26.png,1
0,1029,Bubbles_1029_26.png,Bubbles_1029_map_26.png,2
0,1030,Defect_1030_21.png,Defect_1030_map_21.png,0
0,1031,Line_1031_25.png,Line_1031_map_25.png,1
0,1032,Bubbles_1032_21.png,Bubbles_1032_map_21.png,2
0,1033,Bubbles_1033_27.png,Bubbles_1033_map_27.png,2
0,1034,Defect_1034_26.png,Defect_1034_map_26.png,0
0,1035,Bubbles_1035_20.png,Bubbles_1035_map_20.png,2
0,1036,Line_1036_20.png,Line_1036_map_20.png,1
0,1037,Line_1037_28.png,Line_1037_map_28.png,1
0,1038,Bubbles_1038_28.png,Bubbles_1038_map_28.png,2
0,1039,Bubbles_1039_24.png,Bubbles_1039_map_24.png,2
0,1040,Line_1040_26.png,Line_1040_map_26.png,1
0,1041,Line_1041_25.png,Line_1041_map_25.png,1
0,1042,Defect_1042_25.png,Defect_1042_map_25.png,0
0,1043,Line_1043_28.png,Line_1043_map_28.png,1
0,1044,Defect_1044_22.png,Defect_1044_map_22.png,0
0,1045,Bubbles_1045_20.png,Bubbles_1045_map_20.png,2
0,1046,Bubbles_1046_20.png,Bubbles_1046_map_20.png,2
0,1047,Line_1047_27.png,Line_1047_map_27.png,1
0,1048,Line_1048_23.png,Line_1048_map_23.png,1
0,1049,Line_1049_24.png,Line_1049_map_24.png,1
0,1050,Line_1050_23.png,Line_1050_map_23.png,1
0,1051,Defect_1051_24.png,Defect_1051_map_24.png,0
0,1052,Defect_1052_20.png,Defect_1052_map_20.png,0
0,1053,Defect_1053_22.png,Defect_1053_map_22.png,0
0,1054,Defect_1054_22.png,Defect_1054_map_22.png,0
0,1055,Line_1055_21.png,Line_1055_map_21.png,1
0,1056,Bubbles_1056_22.png,Bubbles_1056_map_22.png,2
0,1057,Line_1057_29.png,Line_1057_map_29.png,1
0,1058,Defect_1058_23.png,Defect_1058_map_23.png,0
0,1059,Defect_1059_21.png,Defect_1059_map_21.png,0
0,1060,Bubbles_1060_23.png,Bubbles_1060_map_23.png,2
0,1061,Line_1061_23.png,Line_1061_map_23.png,1
0,1062,Line_1062_27.png,Line_1062_map_27.png,1
0,1063,Bubbles_1063_26.png,Bubbles_1063_map_26.png,2
0,1064,Bubbles_1064_20.png,Bubbles_1064_map_20.png,2
0,1065,Bubbles_1065_27.png,Bubbles_1065_map_27.png,2
0,1066,Line_1066_22.png,Line_1066_map_22.png,1
0,1067,Bubbles_1067_21.png,Bubbles_1067_map_21.png,2
0,1068,Defect_1068_25.png,Defect_1068_map_25.png,0
0,1069,Bubbles_1069_22.png,Bubbles_1069_map_22.png,2
0,1070,Bubbles_1070_25.png,Bubbles_1070_map_25.png,2
0,1071,Defect_1071_22.png,Defect_1071_map_22.png,0
0,1072,Bubbles_1072_22.png,Bubbles_1072_map_22.png,2
0,1073,Defect_1073_29.png,Defect_1073_map_29.png,0
0,1074,Line_1074_27.png,Line_1074_map_27.png,1
0,1075,Bubbles_1075_25.png,Bubbles_1075_map_25.png,2
0,1076,Bubbles_1076_27.png,Bubbles_1076_map_27.png,2
0,1077,Line_1077_24.png,Line_1077_map_24.png,1
0,1078,Defect_1078_28.png,Defect_1078_map_28.png,0
0,1079,Line_1079_29.png,Line_1079_map_29.png,1
0,1080,Bubbles_1080_22.png,Bubbles_1080_map_22.png,2
0,1081,Line_1081_29.png,Line_1081_map_29.png,1
0,1082,Bubbles_1082_23.png,Bubbles_1082_map_23.png,2
0,1083,Bubbles_1083_21.png,Bubbles_1083_map_21.png,2
0,1084,Bubbles_1084_24.png,Bubbles_1084_map_24.png,2
0,1085,Line_1085_24.png,Line_1085_map_24.png,1
0,1086,Bubbles_1086_28.png,Bubbles_1086_map_28.png,2
0,1087,Defect_1087_26.png,Defect_1087_map_26.png,0
0,1088,Line_1088_20.png,Line_1088_map_20.png,1
0,1089,Bubbles_1089_26.png,Bubbles_1089_map_26.png,2
0,1090,Defect_1090_27.png,Defect_1090_map_27.png,0
0,1091,Line_1091_23.png,Line_1091_map_23.png,1
0,1092,Bubbles_1092_29.png,Bubbles_1092_map_29.png,2
0,1093,Bubbles_1093_20.png,Bubbles_1093_map_20.png,2
0,1094,Bubbles_1094_25.png,Bubbles_1094_map_25.png,2
0,1095,Defect_1095_29.png,Defect_1095_map_29.png,0
0,1096,Bubbles_1096_20.png,Bubbles_1096_map_20.png,2
0,1097,Bubbles_1097_20.png,Bubbles_1097_map_20.png,2
0,1098,Bubbles_1098_25.png,Bubbles_1098_map_25.png,2
0,1099,Line_1099_22.png,Line_1099_map_22.png,1
0,1100,Defect_1100_21.png,Defect_1100_map_21.png,0
0,1101,Bubbles_1101_24.png,Bubbles_1101_map_24.png,2
0,1102,Bubbles_1102_25.png,Bubbles_1102_map_25.png,2
0,1103,Bubbles_1103_21.png,Bubbles_1103_map_21.png,2
0,1104,Line_1104_27.png,Line_1104_map_27.png,1
0,1105,Line_1105_24.png,Line_1105_map_24.png,1
0,1106,Line_1106_27.png,Line_1106_map_27.png,1
0,1107,Defect_1107_25.png,Defect_1107_map_25.png,0
0,1108,Line_1108_27.png,Line_1108_map_27.png,1
0,1109,Bubbles_1109_26.png,Bubbles_1109_map_26.png,2
0,1110,Bubbles_1110_20.png,Bubbles_1110_map_20.png,2
0,1111,Line_1111_22.png,Line_1111_map_22.png,1
0,1112,Defect_1112_28.png,Defect_1112_map_28.png,0
0,1113,Line_1113_22.png,Line_1113_map_22.png,1
0,1114,Line_1114_26.png,Line_1114_map_26.png,1
0,1115,Defect_1115_29.png,Defect_1115_map_29.png,0
0,1116,Bubbles_1116_27.png,Bubbles_1116_map_27.png,2
0,1117,Bubbles_1117_29.png,Bubbles_1117_map_29.png,2
0,1118,Bubbles_1118_27.png,Bubbles_1118_map_27.png,2
0,1119,Bubbles_1119_27.png,Bubbles_1119_map_27.png,2
0,1120,Line_1120_25.png,Line_1120_map_25.png,1
0,1121,Line_1121_28.png,Line_1121_map_28.png,1
0,1122,Bubbles_1122_20.png,Bubbles_1122_map_20.png,2
0,1123,Line_1123_26.png,Line_1123_map_26.png,1
0,1124,Line_1124_27.png,Line_1124_map_27.png,1
0,1125,Line_1125_23.png,Line_1125_map_23.png,1
0,1126,Bubbles_1126_28.png,Bubbles_1126_map_28.png,2
0,1127,Defect_1127_22.png,Defect_1127_map_22.png,0
0,1128,Defect_1128_24.png,Defect_1128_map_24.png,0
0,1129,Defect_1129_24.png,Defect_1129_map_24.png,0
0,1130,Defect_1130_23.png,Defect_1130_map_23.png,0
0,1131,Line_1131_20.png,Line_1131_map_20.png,1
0,1132,Line_1132_22.png,Line_1132_map_22.png,1
0,1133,Line_1133_20.png,Line_1133_map_20.png,1
0,1134,Line_1134_28.png,Line_1134_map_28.png,1
0,1135,Bubbles_1135_22.png,Bubbles_1135_map_22.png,2
0,1136,Defect_1136_20.png,Defect_1136_map_20.png,0
0,1137,Bubbles_1137_25.png,Bubbles_1137_map_25.png,2
0,1138,Defect_1138_25.png,Defect_1138_map_25.png,0
0,1139,Line_1139_24.png,Line_1139_map_24.png,1
0,1140,Defect_1140_21.png,Defect_1140_map_21.png,0
0,1141,Line_1141_20.png,Line_1141_map_20.png,1
0,1142,Line_1142_20.png,Line_1142_map_20.png,1
0,1143,Bubbles_1143_21.png,Bubbles_1143_map_21.png,2
0,1144,Bubbles_1144_20.png,Bubbles_1144_map_20.png,2
0,1145,Line_1145_24.png,Line_1145_map_24.png,1
0,1146,Bubbles_1146_24.png,Bubbles_1146_map_24.png,2
0,1147,Defect_1147_25.png,Defect_1147_map_25.png,0
0,1148,Bubbles_1148_23.png,Bubbles_1148_map_23.png,2
0,1149,Defect_1149_26.png,Defect_1149_map_26.png,0
0,1150,Bubbles_1150_29.png,Bubbles_1150_map_29.png,2
0,1151,Defect_1151_24.png,Defect_1151_map_24.png,0
0,1152,Defect_1152_20.png,Defect_1152_map_20.png,0
0,1153,Defect_1153_22.png,Defect_1153_map_22.png,0
0,1154,Line_1154_25.png,Line_1154_map_25.png,1
0,1155,Bubbles_1155_20.png,Bubbles_1155_map_20.png,2
0,1156,Bubbles_1156_26.png,Bubbles_1156_map_26.png,2
0,1157,Defect_1157_21.png,Defect_1157_map_21.png,0
0,1158,Line_1158_21.png,Line_1158_map_21.png,1
0,1159,Defect_1159_27.png,Defect_1159_map_27.png,0
0,1160,Bubbles_1160_23.png,Bubbles_1160_map_23.png,2
0,1161,Line_1161_27.png,Line_1161_map_27.png,1
0,1162,Line_1162_23.png,Line_1162_map_23.png,1
0,1163,Bubbles_1163_25.png,Bubbles_1163_map_25.png,2
0,1164,Defect_1164_25.png,Defect_1164_map_25.png,0
0,1165,Bubbles_1165_22.png,Bubbles_1165_map_22.png,2
0,1166,Defect_1166_29.png,Defect_1166_map_29.png,0
0,1167,Defect_1167_27.png,Defect_1167_map_27.png,0
0,1168,Defect_1168_23.png,Defect_1168_map_23.png,0
0,1169,Line_1169_21.png,Line_1169_map_21.png,1
0,1170,Line_1170_25.png,Line_1170_map_25.png,1
0,1171,Defect_1171_27.png,Defect_1171_map_27.png,0
0,1172,Bubbles_1172_29.png,Bubbles_1172_map_29.png,2
0,1173,Bubbles_1173_25.png,Bubbles_1173_map_25.png,2
0,1174,Defect_1174_21.png,Defect_1174_map_21.png,0
0,1175,Line_1175_29.png,Line_1175_map_29.png,1
0,1176,Line_1176_29.png,Line_1176_map_29.png,1
0,1177,Defect_1177_25.png,Defect_1177_map_25.png,0
0,1178,Defect_1178_29.png,Defect_1178_map_29.png,0
0,1179,Line_1179_27.png,Line_1179_map_27.png,1
0,1180,Bubbles_1180_29.png,Bubbles_1180_map_29.png,2
0,1181,Bubbles_1181_23.png,Bubbles_1181_map_23.png,2
0,1182,Bubbles_1182_22.png,Bubbles_1182_map_22.png,2
0,1183,Line_1183_20.png,Line_1183_map_20.png,1
0,1184,Line_1184_20.png,Line_1184_map_20.png,1
0,1185,Defect_1185_22.png,Defect_1185_map_22.png,0
0,1186,Line_1186_24.png,Line_1186_map_24.png,1
0,1187,Line_1187_27.png,Line_1187_map_27.png,1
0,1188,Defect_1188_26.png,Defect_1188_map_26.png,0
0,1189,Bubbles_1189_27.png,Bubbles_1189_map_27.png,2
0,1190,Defect_1190_21.png,Defect_1190_map_21.png,0
0,1191,Line_1191_28.png,Line_1191_map_28.png,1
0,1192,Line_1192_22.png,Line_1192_map_22.png,1
0,1193,Bubbles_1193_21.png,Bubbles_1193_map_21.png,2
0,1194,Bubbles_1194_26.png,Bubbles_1194_map_26.png,2
0,1195,Bubbles_1195_27.png,Bubbles_1195_map_27.png,2
0,1196,Line_1196_21.png,Line_1196_map_21.png,1
0,1197,Line_1197_21.png,Line_1197_map_21.png,1
0,1198,Defect_1198_27.png,Defect_1198_map_27.png,0
0,1199,Line_1199_29.png,Line_1199_map_29.png,1
0,1200,Line_1200_28.png,Line_1200_map_28.png,1
0,1201,Defect_1201_21.png,Defect_1201_map_21.png,0
0,1202,Bubbles_1202_27.png,Bubbles_1202_map_27.png,2
0,1203,Defect_1203_20.png,Defect_1203_map_20.png,0
0,1204,Bubbles_1204_20.png,Bubbles_1204_map_20.png,2
0,1205,Defect_1205_26.png,Defect_1205_map_26.png,0
0,1206,Bubbles_1206_29.png,Bubbles_1206_map_29.png,2
0,1207,Line_1207_25.png,Line_1207_map_25.png,1
0,1208,Defect_1208_25.png,Defect_1208_map_25.png,0
0,1209,Bubbles_1209_26.png,Bubbles_1209_map_26.png,2
0,1210,Bubbles_1210_22.png,Bubbles_1210_map_22.png,2
0,1211,Line_1211_24.png,Line_1211_map_24.png,1
0,1212,Bubbles_1212_24.png,Bubbles_1212_map_24.png,2
0,1213,Defect_1213_22.png,Defect_1213_map_22.png,0
0,1214,Bubbles_1214_28.png,Bubbles_1214_map_28.png,2
0,1215,Defect_1215_23.png,Defect_1215_map_23.png,0
0,1216,Line_1216_29.png,Line_1216_map_29.png,1
0,1217,Line_1217_20.png,Line_1217_map_20.png,1
0,1218,Defect_1218_20.png,Defect_1218_map_20.png,0
0,1219,Line_1219_24.png,Line_1219_map_24.png,1
0,1220,Line_1220_25.png,Line_1220_map_25.png,1
0,1221,Defect_1221_22.png,Defect_1221_map_22.png,0
0,1222,Line_1222_23.png,Line_1222_map_23.png,1
0,1223,Line_1223_26.png,Line_1223_map_26.png,1
0,1224,Bubbles_1224_22.png,Bubbles_1224_map_22.png,2
0,1225,Line_1225_28.png,Line_1225_map_28.png,1
0,1226,Line_1226_25.png,Line_1226_map_25.png,1
0,1227,Line_1227_25.png,Line_1227_map_25.png,1
0,1228,Bubbles_1228_25.png,Bubbles_1228_map_25.png,2
0,1229,Line_1229_23.png,Line_1229_map_23.png,1
0,1230,Line_1230_21.png,Line_1230_map_21.png,1
0,1231,Line_1231_20.png,Line_1231_map_20.png,1
0,1232,Line_1232_27.png,Line_1232_map_27.png,1
0,1233,Defect_1233_26.png,Defect_1233_map_26.png,0
0,1234,Defect_1234_29.png,Defect_1234_map_29.png,0
0,1235,Defect_1235_24.png,Defect_1235_map_24.png,0
0,1236,Defect_1236_27.png,Defect_1236_map_27.png,0
0,1237,Bubbles_1237_23.png,Bubbles_1237_map_23.png,2
0,1238,Defect_1238_22.png,Defect_1238_map_22.png,0
0,1239,Defect_1239_20.png,Defect_1239_map_20.png,0
0,1240,Defect_1240_20.png,Defect_1240_map_20.png,0
0,1241,Bubbles_1241_20.png,Bubbles_1241_map_20.png,2
0,1242,Line_1242_27.png,Line_1242_map_27.png,1
0,1243,Defect_1243_25.png,Defect_1243_map_25.png,0
0,1244,Line_1244_22.png,Line_1244_map_22.png,1
0,1245,Defect_1245_28.png,Defect_1245_map_28.png,0
0,1246,Line_1246_25.png,Line_1246_map_25.png,1
0,1247,Bubbles_1247_27.png,Bubbles_1247_map_27.png,2
0,1248,Defect_1248_29.png,Defect_1248_map_29.png,0
0,1249,Bubbles_1249_20.png,Bubbles_1249_map_20.png,2
0,1250,Defect_1250_25.png,Defect_1250_map_25.png,0
0,1251,Line_1251_22.png,Line_1251_map_22.png,1
0,1252,Bubbles_1252_21.png,Bubbles_1252_map_21.png,2
0,1253,Line_1253_20.png,Line_1253_map_20.png,1
0,1254,Defect_1254_24.png,Defect_1254_map_24.png,0
0,1255,Defect_1255_26.png,Defect_1255_map_26.png,0
0,1256,Line_1256_27.png,Line_1256_map_27.png,1
0,1257,Line_1257_22.png,Line_1257_map_22.png,1
0,1258,Defect_1258_24.png,Defect_1258_map_24.png,0
0,1259,Defect_1259_25.png,Defect_1259_map_25.png,0
0,1260,Line_1260_26.png,Line_1260_map_26.png,1
0,1261,Bubbles_1261_26.png,Bubbles_1261_map_26.png,2
0,1262,Defect_1262_29.png,Defect_1262_map_29.png,0
0,1263,Defect_1263_28.png,Defect_1263_map_28.png,0
0,1264,Line_1264_27.png,Line_1264_map_27.png,1
0,1265,Defect_1265_24.png,Defect_1265_map_24.png,0
0,1266,Defect_1266_27.png,Defect_1266_map_27.png,0
0,1267,Bubbles_1267_23.png,Bubbles_1267_map_23.png,2
0,1268,Bubbles_1268_23.png,Bubbles_1268_map_23.png,2
0,1269,Bubbles_1269_25.png,Bubbles_1269_map_25.png,2
0,1270,Bubbles_1270_28.png,Bubbles_1270_map_28.png,2
0,1271,Bubbles_1271_26.png,Bubbles_1271_map_26.png,2
0,1272,Defect_1272_22.png,Defect_1272_map_22.png,0
0,1273,Line_1273_22.png,Line_1273_map_22.png,1
0,1274,Bubbles_1274_26.png,Bubbles_1274_map_26.png,2
0,1275,Defect_1275_24.png,Defect_1275_map_24.png,0
0,1276,Defect_1276_25.png,Defect_1276_map_25.png,0
0,1277,Line_1277_29.png,Line_1277_map_29.png,1
0,1278,Defect_1278_22.png,Defect_1278_map_22.png,0
0,1279,Bubbles_1279_26.png,Bubbles_1279_map_26.png,2
0,1280,Line_1280_23.png,Line_1280_map_23.png,1
0,1281,Line_1281_26.png,Line_1281_map_26.png,1
0,1282,Line_1282_23.png,Line_1282_map_23.png,1
0,1283,Bubbles_1283_22.png,Bubbles_1283_map_22.png,2
0,1284,Line_1284_25.png,Line_1284_map_25.png,1
0,1285,Line_1285_27.png,Line_1285_map_27.png,1
0,1286,Bubbles_1286_20.png,Bubbles_1286_map_20.png,2
0,1287,Line_1287_20.png,Line_1287_map_20.png,1
0,1288,Bubbles_1288_22.png,Bubbles_1288_map_22.png,2
0,1289,Line_1289_25.png,Line_1289_map_25.png,1
0,1290,Line_1290_22.png,Line_1290_map_22.png,1
0,1291,Line_1291_29.png,Line_1291_map_29.png,1
0,1292,Defect_1292_22.png,Defect_1292_map_22.png,0
0,1293,Defect_1293_20.png,Defect_1293_map_20.png,0
0,1294,Line_1294_24.png,Line_1294_map_24.png,1
0,1295,Bubbles_1295_22.png,Bubbles_1295_map_22.png,2
0,1296,Defect_1296_27.png,Defect_1296_map_27.png,0
0,1297,Line_1297_24.png,Line_1297_map_24.png,1
0,1298,Line_1298_20.png,Line_1298_map_20.png,1
0,1299,Defect_1299_26.png,Defect_1299_map_26.png,0
0,1300,Defect_1300_27.png,Defect_1300_map_27.png,0
0,1301,Defect_1301_21.png,Defect_1301_map_21.png,0
0,1302,Defect_1302_29.png,Defect_1302_map_29.png,0
0,1303,Line_1303_22.png,Line_1303_map_22.png,1
0,1304,Defect_1304_21.png,Defect_1304_map_21.png,0
0,1305,Defect_1305_23.png,Defect_1305_map_23.png,0
0,1306,Line_1306_29.png,Line_1306_map_29.png,1
0,1307,Line_1307_26.png,Line_1307_map_26.png,1
0,1308,Defect_1308_24.png,Defect_1308_map_24.png,0
0,1309,Defect_1309_20.png,Defect_1309_map_20.png,0
0,1310,Line_1310_25.png,Line_1310_map_25.png,1
0,1311,Line_1311_26.png,Line_1311_map_26.png,1
0,1312,Defect_1312_29.png,Defect_1312_map_29.png,0
0,1313,Line_1313_24.png,Line_1313_map_24.png,1
0,1314,Bubbles_1314_27.png,Bubbles_1314_map_27.png,2
0,1315,Bubbles_1315_25.png,Bubbles_1315_map_25.png,2
0,1316,Line_1316_28.png,Line_1316_map_28.png,1
0,1317,Defect_1317_25.png,Defect_1317_map_25.png,0
0,1318,Bubbles_1318_20.png,Bubbles_1318_map_20.png,2
0,1319,Bubbles_1319_26.png,Bubbles_1319_map_26.png,2
0,1320,Defect_1320_25.png,Defect_1320_map_25.png,0
0,1321,Defect_1321_22.png,Defect_1321_map_22.png,0
0,1322,Defect_1322_24.png,Defect_1322_map_24.png,0
0,1323,Defect_1323_24.png,Defect_1323_map_24.png,0
0,1324,Bubbles_1324_28.png,Bubbles_1324_map_28.png,2
0,1325,Defect_1325_20.png,Defect_1325_map_20.png,0
0,1326,Bubbles_1326_25.png,Bubbles_1326_map_25.png,2
0,1327,Defect_1327_24.png,Defect_1327_map_24.png,0
0,1328,Bubbles_1328_20.png,Bubbles_1328_map_20.png,2
0,1329,Defect_1329_22.png,Defect_1329_map_22.png,0
0,1330,Bubbles_1330_28.png,Bubbles_1330_map_28.png,2
0,1331,Line_1331_26.png,Line_1331_map_26.png,1
0,1332,Line_1332_23.png,Line_1332_map_23.png,1
0,1333,Line_1333_23.png,Line_1333_map_23.png,1
0,1334,Line_1334_22.png,Line_1334_map_22.png,1
0,1335,Bubbles_1335_20.png,Bubbles_1335_map_20.png,2
0,1336,Line_1336_21.png,Line_1336_map_21.png,1
0,1337,Bubbles_1337_29.png,Bubbles_1337_map_29.png,2
0,1338,Defect_1338_21.png,Defect_1338_map_21.png,0
0,1339,Bubbles_1339_20.png,Bubbles_1339_map_20.png,2
0,1340,Bubbles_1340_20.png,Bubbles_1340_map_20.png,2
0,1341,Defect_1341_29.png,Defect_1341_map_29.png,0
0,1342,Defect_1342_24.png,Defect_1342_map_24.png,0
0,1343,Line_1343_25.png,Line_1343_map_25.png,1
0,1344,Line_1344_26.png,Line_1344_map_26.png,1
0,1345,Bubbles_1345_29.png,Bubbles_1345_map_29.png,2
0,1346,Defect_1346_26.png,Defect_1346_map_26.png,0
0,1347,Line_1347_23.png,Line_1347_map_23.png,1
0,1348,Line_1348_21.png,Line_1348_map_21.png,1
0,1349,Bubbles_1349_25.png,Bubbles_1349_map_25.png,2
0,1350,Bubbles_1350_24.png,Bubbles_1350_map_24.png,2
0,1351,Bubbles_1351_29.png,Bubbles_1351_map_29.png,2
0,1352,Line_1352_24.png,Line_1352_map_24.png,1
0,1353,Bubbles_1353_22.png,Bubbles_1353_map_22.png,2
0,1354,Defect_1354_28.png,Defect_1354_map_28.png,0
0,1355,Defect_1355_29.png,Defect_1355_map_29.png,0
0,1356,Defect_1356_29.png,Defect_1356_map_29.png,0
0,1357,Defect_1357_28.png,Defect_1357_map_28.png,0
0,1358,Defect_1358_27.png,Defect_1358_map_27.png,0
0,1359,Defect_1359_28.png,Defect_1359_map_28.png,0
0,1360,Defect_1360_22.png,Defect_1360_map_22.png,0
0,1361,Defect_1361_21.png,Defect_1361_map_21.png,0
0,1362,Defect_1362_22.png,Defect_1362_map_22.png,0
0,1363,Defect_1363_24.png,Defect_1363_map_24.png,0
0,1364,Line_1364_21.png,Line_1364_map_21.png,1
0,1365,Bubbles_1365_22.png,Bubbles_1365_map_22.png,2
0,1366,Defect_1366_28.png,Defect_1366_map_28.png,0
0,1367,Line_1367_23.png,Line_1367_map_23.png,1
0,1368,Defect_1368_26.png,Defect_1368_map_26.png,0
0,1369,Defect_1369_20.png,Defect_1369_map_20.png,0
0,1370,Defect_1370_28.png,Defect_1370_map_28.png,0
0,1371,Line_1371_25.png,Line_1371_map_25.png,1
0,1372,Bubbles_1372_26.png,Bubbles_1372_map_26.png,2
0,1373,Line_1373_22.png,Line_1373_map_22.png,1
0,1374,Bubbles_1374_22.png,Bubbles_1374_map_22.png,2
0,1375,Line_1375_24.png,Line_1375_map_24.png,1
0,1376,Bubbles_1376_26.png,Bubbles_1376_map_26.png,2
0,1377,Defect_1377_24.png,Defect_1377_map_24.png,0
0,1378,Defect_1378_24.png,Defect_1378_map_24.png,0
0,1379,Defect_1379_28.png,Defect_1379_map_28.png,0
0,1380,Bubbles_1380_29.png,Bubbles_1380_map_29.png,2
0,1381,Line_1381_25.png,Line_1381_map_25.png,1
0,1382,Defect_1382_29.png,Defect_1382_map_29.png,0
0,1383,Defect_1383_23.png,Defect_1383_map_23.png,0
0,1384,Line_1384_27.png,Line_1384_map_27.png,1
0,1385,Line_1385_20.png,Line_1385_map_20.png,1
0,1386,Defect_1386_21.png,Defect_1386_map_21.png,0
0,1387,Defect_1387_28.png,Defect_1387_map_28.png,0
0,1388,Bubbles_1388_26.png,Bubbles_1388_map_26.png,2
0,1389,Bubbles_1389_22.png,Bubbles_1389_map_22.png,2
0,1390,Defect_1390_20.png,Defect_1390_map_20.png,0
0,1391,Line_1391_23.png,Line_1391_map_23.png,1
0,1392,Bubbles_1392_22.png,Bubbles_1392_map_22.png,2
0,1393,Defect_1393_23.png,Defect_1393_map_23.png,0
0,1394,Bubbles_1394_22.png,Bubbles_1394_map_22.png,2
0,1395,Line_1395_26.png,Line_1395_map_26.png,1
0,1396,Defect_1396_24.png,Defect_1396_map_24.png,0
0,1397,Bubbles_1397_20.png,Bubbles_1397_map_20.png,2
0,1398,Line_1398_28.png,Line_1398_map_28.png,1
0,1399,Line_1399_23.png,Line_1399_map_23.png,1
0,1400,Line_1400_27.png,Line_1400_map_27.png,1
0,1401,Line_1401_22.png,Line_1401_map_22.png,1
0,1402,Bubbles_1402_24.png,Bubbles_1402_map_24.png,2
0,1403,Bubbles_1403_25.png,Bubbles_1403_map_25.png,2
0,1404,Line_1404_20.png,Line_1404_map_20.png,1
0,1405,Bubbles_1405_26.png,Bubbles_1405_map_26.png,2
0,1406,Bubbles_1406_25.png,Bubbles_1406_map_25.png,2
0,1407,Bubbles_1407_26.png,Bubbles_1407_map_26.png,2
0,1408,Defect_1408_26.png,Defect_1408_map_26.png,0
0,1409,Line_1409_29.png,Line_1409_map_29.png,1
0,1410,Bubbles_1410_20.png,Bubbles_1410_map_20.png,2
0,1411,Line_1411_25.png,Line_1411_map_25.png,1
0,1412,Bubbles_1412_23.png,Bubbles_1412_map_23.png,2
0,1413,Defect_1413_28.png,Defect_1413_map_28.png,0
0,1414,Line_1414_27.png,Line_1414_map_27.png,1
0,1415,Line_1415_25.png,Line_1415_map_25.png,1
0,1416,Line_1416_20.png,Line_1416_map_20.png,1
0,1417,Defect_1417_26.png,Defect_1417_map_26.png,0
0,1418,Line_1418_23.png,Line_1418_map_23.png,1
0,1419,Line_1419_23.png,Line_1419_map_23.png,1
0,1420,Defect_1420_24.png,Defect_1420_map_24.png,0
0,1421,Bubbles_1421_26.png,Bubbles_1421_map_26.png,2
0,1422,Defect_1422_22.png,Defect_1422_map_22.png,0
0,1423,Defect_1423_23.png,Defect_1423_map_23.png,0
0,1424,Bubbles_1424_29.png,Bubbles_1424_map_29.png,2
0,1425,Bubbles_1425_21.png,Bubbles_1425_map_21.png,2
0,1426,Bubbles_1426_28.png,Bubbles_1426_map_28.png,2
0,1427,Defect_1427_25.png,Defect_1427_map_25.png,0
0,1428,Line_1428_24.png,Line_1428_map_24.png,1
0,1429,Line_1429_28.png,Line_1429_map_28.png,1
0,1430,Line_1430_25.png,Line_1430_map_25.png,1
0,1431,Defect_1431_22.png,Defect_1431_map_22.png,0
0,1432,Defect_1432_29.png,Defect_1432_map_29.png,0
0,1433,Defect_1433_22.png,Defect_1433_map_22.png,0
0,1434,Defect_1434_26.png,Defect_1434_map_26.png,0
0,1435,Bubbles_1435_20.png,Bubbles_1435_map_20.png,2
0,1436,Bubbles_1436_28.png,Bubbles_1436_map_28.png,2
0,1437,Line_1437_29.png,Line_1437_map_29.png,1
0,1438,Line_1438_28.png,Line_1438_map_28.png,1
0,1439,Bubbles_1439_26.png,Bubbles_1439_map_26.png,2
0,1440,Line_1440_28.png,Line_1440_map_28.png,1
0,1441,Bubbles_1441_21.png,Bubbles_1441_map_21.png,2
0,1442,Line_1442_26.png,Line_1442_map_26.png,1
0,1443,Line_1443_23.png,Line_1443_map_23.png,1
0,1444,Defect_1444_23.png,Defect_1444_map_23.png,0
0,1445,Line_1445_27.png,Line_1445_map_27.png,1
0,1446,Bubbles_1446_27.png,Bubbles_1446_map_27.png,2
0,1447,Bubbles_1447_28.png,Bubbles_1447_map_28.png,2
0,1448,Line_1448_24.png,Line_1448_map_24.png,1
0,1449,Line_1449_27.png,Line_1449_map_27.png,1
0,1450,Bubbles_1450_29.png,Bubbles_1450_map_29.png,2
0,1451,Bubbles_1451_25.png,Bubbles_1451_map_25.png,2
0,1452,Defect_1452_22.png,Defect_1452_map_22.png,0
0,1453,Defect_1453_25.png,Defect_1453_map_25.png,0
0,1454,Bubbles_1454_22.png,Bubbles_1454_map_22.png,2
0,1455,Bubbles_1455_20.png,Bubbles_1455_map_20.png,2
0,1456,Bubbles_1456_29.png,Bubbles_1456_map_29.png,2
0,1457,Bubbles_1457_21.png,Bubbles_1457_map_21.png,2
0,1458,Line_1458_29.png,Line_1458_map_29.png,1
0,1459,Defect_1459_26.png,Defect_1459_map_26.png,0
0,1460,Defect_1460_22.png,Defect_1460_map_22.png,0
0,1461,Line_1461_29.png,Line_1461_map_29.png,1
0,1462,Bubbles_1462_23.png,Bubbles_1462_map_23.png,2
0,1463,Line_1463_20.png,Line_1463_map_20.png,1
0,1464,Defect_1464_26.png,Defect_1464_map_26.png,0
0,1465,Line_1465_27.png,Line_1465_map_27.png,1
0,1466,Line_1466_29.png,Line_1466_map_29.png,1
0,1467,Bubbles_1467_26.png,Bubbles_1467_map_26.png,2
0,1468,Defect_1468_26.png,Defect_1468_map_26.png,0
0,1469,Defect_1469_22.png,Defect_1469_map_22.png,0
0,1470,Bubbles_1470_23.png,Bubbles_1470_map_23.png,2
0,1471,Defect_1471_27.png,Defect_1471_map_27.png,0
0,1472,Defect_1472_25.png,Defect_1472_map_25.png,0
0,1473,Line_1473_27.png,Line_1473_map_27.png,1
0,1474,Defect_1474_29.png,Defect_1474_map_29.png,0
0,1475,Defect_1475_24.png,Defect_1475_map_24.png,0
0,1476,Defect_1476_23.png,Defect_1476_map_23.png,0
0,1477,Line_1477_23.png,Line_1477_map_23.png,1
0,1478,Bubbles_1478_29.png,Bubbles_1478_map_29.png,2
0,1479,Line_1479_23.png,Line_1479_map_23.png,1
0,1480,Bubbles_1480_28.png,Bubbles_1480_map_28.png,2
0,1481,Defect_1481_22.png,Defect_1481_map_22.png,0
0,1482,Defect_1482_27.png,Defect_1482_map_27.png,0
0,1483,Bubbles_1483_20.png,Bubbles_1483_map_20.png,2
0,1484,Defect_1484_28.png,Defect_1484_map_28.png,0
0,1485,Bubbles_1485_28.png,Bubbles_1485_map_28.png,2
0,1486,Line_1486_22.png,Line_1486_map_22.png,1
0,1487,Defect_1487_21.png,Defect_1487_map_21.png,0
0,1488,Line_1488_24.png,Line_1488_map_24.png,1
0,1489,Defect_1489_28.png,Defect_1489_map_28.png,0
0,1490,Defect_1490_25.png,Defect_1490_map_25.png,0
0,1491,Bubbles_1491_24.png,Bubbles_1491_map_24.png,2
0,1492,Line_1492_21.png,Line_1492_map_21.png,1
0,1493,Defect_1493_25.png,Defect_1493_map_25.png,0
0,1494,Bubbles_1494_20.png,Bubbles_1494_map_20.png,2
0,1495,Bubbles_1495_23.png,Bubbles_1495_map_23.png,2
0,1496,Defect_1496_25.png,Defect_1496_map_25.png,0
0,1497,Line_1497_27.png,Line_1497_map_27.png,1
0,1498,Defect_1498_23.png,Defect_1498_map_23.png,0
0,1499,Bubbles_1499_27.png,Bubbles_1499_map_27.png,2
0,1500,Defect_1500_25.png,Defect_1500_map_25.png,0
0,1501,Defect_1501_25.png,Defect_1501_map_25.png,0
0,1502,Bubbles_1502_23.png,Bubbles_1502_map_23.png,2
0,1503,Defect_1503_26.png,Defect_1503_map_26.png,0
0,1504,Bubbles_1504_23.png,Bubbles_1504_map_23.png,2
0,1505,Defect_1505_22.png,Defect_1505_map_22.png,0
0,1506,Line_1506_29.png,Line_1506_map_29.png,1
0,1507,Defect_1507_20.png,Defect_1507_map_20.png,0
0,1508,Line_1508_29.png,Line_1508_map_29.png,1
0,1509,Bubbles_1509_25.png,Bubbles_1509_map_25.png,2
0,1510,Bubbles_1510_23.png,Bubbles_1510_map_23.png,2
0,1511,Line_1511_23.png,Line_1511_map_23.png,1
0,1512,Bubbles_1512_20.png,Bubbles_1512_map_20.png,2
0,1513,Defect_1513_27.png,Defect_1513_map_27.png,0
0,1514,Bubbles_1514_22.png,Bubbles_1514_map_22.png,2
0,1515,Bubbles_1515_26.png,Bubbles_1515_map_26.png,2
0,1516,Line_1516_22.png,Line_1516_map_22.png,1
0,1517,Defect_1517_21.png,Defect_1517_map_21.png,0
0,1518,Bubbles_1518_26.png,Bubbles_1518_map_26.png,2
0,1519,Bubbles_1519_29.png,Bubbles_1519_map_29.png,2
0,1520,Line_1520_25.png,Line_1520_map_25.png,1
0,1521,Line_1521_23.png,Line_1521_map_23.png,1
0,1522,Line_1522_24.png,Line_1522_map_24.png,1
0,1523,Bubbles_1523_24.png,Bubbles_1523_map_24.png,2
0,1524,Defect_1524_23.png,Defect_1524_map_23.png,0
0,1525,Line_1525_26.png,Line_1525_map_26.png,1
0,1526,Defect_1526_26.png,Defect_1526_map_26.png,0
0,1527,Bubbles_1527_22.png,Bubbles_1527_map_22.png,2
0,1528,Bubbles_1528_26.png,Bubbles_1528_map_26.png,2
0,1529,Bubbles_1529_20.png,Bubbles_1529_map_20.png,2
0,1530,Bubbles_1530_24.png,Bubbles_1530_map_24.png,2
0,1531,Line_1531_27.png,Line_1531_map_27.png,1
0,1532,Defect_1532_26.png,Defect_1532_map_26.png,0
0,1533,Defect_1533_26.png,Defect_1533_map_26.png,0
0,1534,Line_1534_24.png,Line_1534_map_24.png,1
0,1535,Defect_1535_25.png,Defect_1535_map_25.png,0
0,1536,Defect_1536_22.png,Defect_1536_map_22.png,0
0,1537,Bubbles_1537_26.png,Bubbles_1537_map_26.png,2
0,1538,Defect_1538_20.png,Defect_1538_map_20.png,0
0,1539,Line_1539_29.png,Line_1539_map_29.png,1
0,1540,Defect_1540_27.png,Defect_1540_map_27.png,0
0,1541,Line_1541_26.png,Line_1541_map_26.png,1
0,1542,Defect_1542_26.png,Defect_1542_map_26.png,0
0,1543,Bubbles_1543_22.png,Bubbles_1543_map_22.png,2
0,1544,Defect_1544_27.png,Defect_1544_map_27.png,0
0,1545,Bubbles_1545_26.png,Bubbles_1545_map_26.png,2
0,1546,Defect_1546_24.png,Defect_1546_map_24.png,0
0,1547,Line_1547_26.png,Line_1547_map_26.png,1
0,1548,Bubbles_1548_26.png,Bubbles_1548_map_26.png,2
0,1549,Line_1549_21.png,Line_1549_map_21.png,1
0,1550,Bubbles_1550_24.png,Bubbles_1550_map_24.png,2
0,1551,Bubbles_1551_28.png,Bubbles_1551_map_28.png,2
0,1552,Defect_1552_20.png,Defect_1552_map_20.png,0
0,1553,Line_1553_25.png,Line_1553_map_25.png,1
0,1554,Line_1554_20.png,Line_1554_map_20.png,1
0,1555,Line_1555_27.png,Line_1555_map_27.png,1
0,1556,Defect_1556_26.png,Defect_1556_map_26.png,0
0,1557,Bubbles_1557_23.png,Bubbles_1557_map_23.png,2
0,1558,Line_1558_25.png,Line_1558_map_25.png,1
0,1559,Line_1559_25.png,Line_1559_map_25.png,1
0,1560,Bubbles_1560_27.png,Bubbles_1560_map_27.png,2
0,1561,Line_1561_27.png,Line_1561_map_27.png,1
0,1562,Line_1562_25.png,Line_1562_map_25.png,1
0,1563,Defect_1563_24.png,Defect_1563_map_24.png,0
0,1564,Defect_1564_21.png,Defect_1564_map_21.png,0
0,1565,Defect_1565_22.png,Defect_1565_map_22.png,0
0,1566,Line_1566_25.png,Line_1566_map_25.png,1
0,1567,Defect_1567_26.png,Defect_1567_map_26.png,0
0,1568,Line_1568_21.png,Line_1568_map_21.png,1
0,1569,Bubbles_1569_25.png,Bubbles_1569_map_25.png,2
0,1570,Bubbles_1570_24.png,Bubbles_1570_map_24.png,2
0,1571,Bubbles_1571_20.png,Bubbles_1571_map_20.png,2
0,1572,Line_1572_21.png,Line_1572_map_21.png,1
0,1573,Bubbles_1573_28.png,Bubbles_1573_map_28.png,2
0,1574,Defect_1574_25.png,Defect_1574_map_25.png,0
0,1575,Defect_1575_22.png,Defect_1575_map_22.png,0
0,1576,Bubbles_1576_20.png,Bubbles_1576_map_20.png,2
0,1577,Defect_1577_29.png,Defect_1577_map_29.png,0
0,1578,Line_1578_22.png,Line_1578_map_22.png,1
0,1579,Line_1579_26.png,Line_1579_map_26.png,1
0,1580,Line_1580_26.png,Line_1580_map_26.png,1
0,1581,Line_1581_26.png,Line_1581_map_26.png,1
0,1582,Defect_1582_26.png,Defect_1582_map_26.png,0
0,1583,Bubbles_1583_20.png,Bubbles_1583_map_20.png,2
0,1584,Defect_1584_24.png,Defect_1584_map_24.png,0
0,1585,Defect_1585_24.png,Defect_1585_map_24.png,0
0,1586,Defect_1586_24.png,Defect_1586_map_24.png,0
0,1587,Line_1587_22.png,Line_1587_map_22.png,1
0,1588,Defect_1588_22.png,Defect_1588_map_22.png,0
0,1589,Defect_1589_28.png,Defect_1589_map_28.png,0
0,1590,Bubbles_1590_22.png,Bubbles_1590_map_22.png,2
0,1591,Bubbles_1591_28.png,Bubbles_1591_map_28.png,2
0,1592,Defect_1592_20.png,Defect_1592_map_20.png,0
0,1593,Defect_1593_21.png,Defect_1593_map_21.png,0
0,1594,Bubbles_1594_20.png,Bubbles_1594_map_20.png,2
0,1595,Bubbles_1595_27.png,Bubbles_1595_map_27.png,2
0,1596,Defect_1596_29.png,Defect_1596_map_29.png,0
0,1597,Line_1597_28.png,Line_1597_map_28.png,1
0,1598,Line_1598_25.png,Line_1598_map_25.png,1
0,1599,Line_1599_21.png,Line_1599_map_21.png,1
0,1600,Defect_1600_21.png,Defect_1600_map_21.png,0
0,1601,Line_1601_25.png,Line_1601_map_25.png,1
0,1602,Defect_1602_24.png,Defect_1602_map_24.png,0
0,1603,Line_1603_22.png,Line_1603_map_22.png,1
0,1604,Defect_1604_22.png,Defect_1604_map_22.png,0
0,1605,Line_1605_20.png,Line_1605_map_20.png,1
0,1606,Bubbles_1606_22.png,Bubbles_1606_map_22.png,2
0,1607,Bubbles_1607_25.png,Bubbles_1607_map_25.png,2
0,1608,Defect_1608_25.png,Defect_1608_map_25.png,0
0,1609,Line_1609_27.png,Line_1609_map_27.png,1
0,1610,Bubbles_1610_26.png,Bubbles_1610_map_26.png,2
0,1611,Defect_1611_25.png,Defect_1611_map_25.png,0
0,1612,Bubbles_1612_26.png,Bubbles_1612_map_26.png,2
0,1613,Line_1613_26.png,Line_1613_map_26.png,1
0,1614,Line_1614_21.png,Line_1614_map_21.png,1
0,1615,Defect_1615_23.png,Defect_1615_map_23.png,0
0,1616,Line_1616_26.png,Line_1616_map_26.png,1
0,1617,Defect_1617_25.png,Defect_1617_map_25.png,0
0,1618,Bubbles_1618_22.png,Bubbles_1618_map_22.png,2
0,1619,Bubbles_1619_21.png,Bubbles_1619_map_21.png,2
0,1620,Line_1620_29.png,Line_1620_map_29.png,1
0,1621,Line_1621_24.png,Line_1621_map_24.png,1
0,1622,Defect_1622_21.png,Defect_1622_map_21.png,0
0,1623,Line_1623_28.png,Line_1623_map_28.png,1
0,1624,Line_1624_22.png,Line_1624_map_22.png,1
0,1625,Bubbles_1625_26.png,Bubbles_1625_map_26.png,2
0,1626,Defect_1626_24.png,Defect_1626_map_24.png,0
0,1627,Bubbles_1627_27.png,Bubbles_1627_map_27.png,2
0,1628,Defect_1628_23.png,Defect_1628_map_23.png,0
0,1629,Bubbles_1629_27.png,Bubbles_1629_map_27.png,2
0,1630,Bubbles_1630_22.png,Bubbles_1630_map_22.png,2
0,1631,Defect_1631_25.png,Defect_1631_map_25.png,0
0,1632,Bubbles_1632_21.png,Bubbles_1632_map_21.png,2
0,1633,Defect_1633_22.png,Defect_1633_map_22.png,0
0,1634,Line_1634_29.png,Line_1634_map_29.png,1
0,1635,Line_1635_27.png,Line_1635_map_27.png,1
0,1636,Bubbles_1636_26.png,Bubbles_1636_map_26.png,2
0,1637,Line_1637_26.png,Line_1637_map_26.png,1
0,1638,Line_1638_25.png,Line_1638_map_25.png,1
0,1639,Bubbles_1639_28.png,Bubbles_1639_map_28.png,2
0,1640,Defect_1640_27.png,Defect_1640_map_27.png,0
0,1641,Line_1641_20.png,Line_1641_map_20.png,1
0,1642,Bubbles_1642_26.png,Bubbles_1642_map_26.png,2
0,1643,Bubbles_1643_29.png,Bubbles_1643_map_29.png,2
0,1644,Bubbles_1644_29.png,Bubbles_1644_map_29.png,2
0,1645,Defect_1645_26.png,Defect_1645_map_26.png,0
0,1646,Bubbles_1646_26.png,Bubbles_1646_map_26.png,2
0,1647,Line_1647_23.png,Line_1647_map_23.png,1
0,1648,Bubbles_1648_24.png,Bubbles_1648_map_24.png,2
0,1649,Bubbles_1649_21.png,Bubbles_1649_map_21.png,2
0,1650,Defect_1650_28.png,Defect_1650_map_28.png,0
0,1651,Bubbles_1651_25.png,Bubbles_1651_map_25.png,2
0,1652,Bubbles_1652_29.png,Bubbles_1652_map_29.png,2
0,1653,Defect_1653_22.png,Defect_1653_map_22.png,0
0,1654,Line_1654_25.png,Line_1654_map_25.png,1
0,1655,Bubbles_1655_28.png,Bubbles_1655_map_28.png,2
0,1656,Line_1656_20.png,Line_1656_map_20.png,1
0,1657,Defect_1657_21.png,Defect_1657_map_21.png,0
0,1658,Bubbles_1658_29.png,Bubbles_1658_map_29.png,2
0,1659,Defect_1659_27.png,Defect_1659_map_27.png,0
0,1660,Defect_1660_23.png,Defect_1660_map_23.png,0
0,1661,Defect_1661_21.png,Defect_1661_map_21.png,0
0,1662,Line_1662_28.png,Line_1662_map_28.png,1
0,1663,Bubbles_1663_22.png,Bubbles_1663_map_22.png,2
0,1664,Line_1664_20.png,Line_1664_map_20.png,1
0,1665,Bubbles_1665_26.png,Bubbles_1665_map_26.png,2
0,1666,Bubbles_1666_26.png,Bubbles_1666_map_26.png,2
0,1667,Defect_1667_25.png,Defect_1667_map_25.png,0
0,1668,Defect_1668_25.png,Defect_1668_map_25.png,0
0,1669,Defect_1669_20.png,Defect_1669_map_20.png,0
0,1670,Defect_1670_21.png,Defect_1670_map_21.png,0
0,1671,Line_1671_27.png,Line_1671_map_27.png,1
0,1672,Defect_1672_27.png,Defect_1672_map_27.png,0
0,1673,Bubbles_1673_21.png,Bubbles_1673_map_21.png,2
0,1674,Line_1674_27.png,Line_1674_map_27.png,1
0,1675,Line_1675_21.png,Line_1675_map_21.png,1
0,1676,Bubbles_1676_24.png,Bubbles_1676_map_24.png,2
0,1677,Defect_1677_29.png,Defect_1677_map_29.png,0
0,1678,Line_1678_26.png,Line_1678_map_26.png,1
0,1679,Bubbles_1679_25.png,Bubbles_1679_map_25.png,2
0,1680,Bubbles_1680_29.png,Bubbles_1680_map_29.png,2
0,1681,Defect_1681_29.png,Defect_1681_map_29.png,0
0,1682,Defect_1682_21.png,Defect_1682_map_21.png,0
0,1683,Bubbles_1683_22.png,Bubbles_1683_map_22.png,2
0,1684,Bubbles_1684_27.png,Bubbles_1684_map_27.png,2
0,1685,Bubbles_1685_24.png,Bubbles_1685_map_24.png,2
0,1686,Bubbles_1686_26.png,Bubbles_1686_map_26.png,2
0,1687,Defect_1687_25.png,Defect_1687_map_25.png,0
0,1688,Line_1688_20.png,Line_1688_map_20.png,1
0,1689,Line_1689_29.png,Line_1689_map_29.png,1
0,1690,Bubbles_1690_22.png,Bubbles_1690_map_22.png,2
0,1691,Defect_1691_26.png,Defect_1691_map_26.png,0
0,1692,Defect_1692_22.png,Defect_1692_map_22.png,0
0,1693,Line_1693_24.png,Line_1693_map_24.png,1
0,1694,Defect_1694_26.png,Defect_1694_map_26.png,0
0,1695,Defect_1695_25.png,Defect_1695_map_25.png,0
0,1696,Defect_1696_27.png,Defect_1696_map_27.png,0
0,1697,Bubbles_1697_24.png,Bubbles_1697_map_24.png,2
0,1698,Defect_1698_21.png,Defect_1698_map_21.png,0
0,1699,Line_1699_27.png,Line_1699_map_27.png,1
0,1700,Bubbles_1700_24.png,Bubbles_1700_map_24.png,2
0,1701,Line_1701_22.png,Line_1701_map_22.png,1
0,1702,Bubbles_1702_23.png,Bubbles_1702_map_23.png,2
0,1703,Bubbles_1703_28.png,Bubbles_1703_map_28.png,2
0,1704,Defect_1704_22.png,Defect_1704_map_22.png,0
0,1705,Line_1705_27.png,Line_1705_map_27.png,1
0,1706,Defect_1706_20.png,Defect_1706_map_20.png,0
0,1707,Bubbles_1707_29.png,Bubbles_1707_map_29.png,2
0,1708,Bubbles_1708_25.png,Bubbles_1708_map_25.png,2
0,1709,Bubbles_1709_21.png,Bubbles_1709_map_21.png,2
0,1710,Defect_1710_20.png,Defect_1710_map_20.png,0
0,1711,Defect_1711_21.png,Defect_1711_map_21.png,0
0,1712,Line_1712_22.png,Line_1712_map_22.png,1
0,1713,Bubbles_1713_22.png,Bubbles_1713_map_22.png,2
0,1714,Bubbles_1714_21.png,Bubbles_1714_map_21.png,2
0,1715,Bubbles_1715_26.png,Bubbles_1715_map_26.png,2
0,1716,Bubbles_1716_25.png,Bubbles_1716_map_25.png,2
0,1717,Defect_1717_21.png,Defect_1717_map_21.png,0
0,1718,Defect_1718_21.png,Defect_1718_map_21.png,0
0,1719,Bubbles_1719_21.png,Bubbles_1719_map_21.png,2
0,1720,Defect_1720_20.png,Defect_1720_map_20.png,0
0,1721,Bubbles_1721_23.png,Bubbles_1721_map_23.png,2
0,1722,Defect_1722_22.png,Defect_1722_map_22.png,0
0,1723,Bubbles_1723_20.png,Bubbles_1723_map_20.png,2
0,1724,Defect_1724_21.png,Defect_1724_map_21.png,0
0,1725,Bubbles_1725_23.png,Bubbles_1725_map_23.png,2
0,1726,Line_1726_25.png,Line_1726_map_25.png,1
0,1727,Line_1727_27.png,Line_1727_map_27.png,1
0,1728,Line_1728_26.png,Line_1728_map_26.png,1
0,1729,Defect_1729_24.png,Defect_1729_map_24.png,0
0,1730,Line_1730_22.png,Line_1730_map_22.png,1
0,1731,Line_1731_26.png,Line_1731_map_26.png,1
0,1732,Defect_1732_24.png,Defect_1732_map_24.png,0
0,1733,Bubbles_1733_22.png,Bubbles_1733_map_22.png,2
0,1734,Bubbles_1734_27.png,Bubbles_1734_map_27.png,2
0,1735,Bubbles_1735_28.png,Bubbles_1735_map_28.png,2
0,1736,Line_1736_24.png,Line_1736_map_24.png,1
0,1737,Line_1737_26.png,Line_1737_map_26.png,1
0,1738,Defect_1738_26.png,Defect_1738_map_26.png,0
0,1739,Line_1739_27.png,Line_1739_map_27.png,1
0,1740,Line_1740_20.png,Line_1740_map_20.png,1
0,1741,Defect_1741_21.png,Defect_1741_map_21.png,0
0,1742,Defect_1742_20.png,Defect_1742_map_20.png,0
0,1743,Defect_1743_21.png,Defect_1743_map_21.png,0
0,1744,Line_1744_27.png,Line_1744_map_27.png,1
0,1745,Defect_1745_22.png,Defect_1745_map_22.png,0
0,1746,Line_1746_21.png,Line_1746_map_21.png,1
0,1747,Line_1747_26.png,Line_1747_map_26.png,1
0,1748,Line_1748_24.png,Line_1748_map_24.png,1
0,1749,Bubbles_1749_22.png,Bubbles_1749_map_22.png,2
0,1750,Bubbles_1750_28.png,Bubbles_1750_map_28.png,2
0,1751,Line_1751_25.png,Line_1751_map_25.png,1
0,1752,Defect_1752_25.png,Defect_1752_map_25.png,0
0,1753,Defect_1753_20.png,Defect_1753_map_20.png,0
0,1754,Line_1754_23.png,Line_1754_map_23.png,1
0,1755,Line_1755_27.png,Line_1755_map_27.png,1
0,1756,Bubbles_1756_23.png,Bubbles_1756_map_23.png,2
0,1757,Line_1757_24.png,Line_1757_map_24.png,1
0,1758,Defect_1758_26.png,Defect_1758_map_26.png,0
0,1759,Defect_1759_20.png,Defect_1759_map_20.png,0
0,1760,Line_1760_23.png,Line_1760_map_23.png,1
0,1761,Bubbles_1761_28.png,Bubbles_1761_map_28.png,2
0,1762,Bubbles_1762_23.png,Bubbles_1762_map_23.png,2
0,1763,Line_1763_26.png,Line_1763_map_26.png,1
0,1764,Bubbles_1764_27.png,Bubbles_1764_map_27.png,2
0,1765,Defect_1765_23.png,Defect_1765_map_23.png,0
0,1766,Defect_1766_21.png,Defect_1766_map_21.png,0
0,1767,Defect_1767_28.png,Defect_1767_map_28.png,0
0,1768,Line_1768_21.png,Line_1768_map_21.png,1
0,1769,Line_1769_27.png,Line_1769_map_27.png,1
0,1770,Line_1770_21.png,Line_1770_map_21.png,1
0,1771,Defect_1771_25.png,Defect_1771_map_25.png,0
0,1772,Bubbles_1772_28.png,Bubbles_1772_map_28.png,2
0,1773,Bubbles_1773_20.png,Bubbles_1773_map_20.png,2
0,1774,Bubbles_1774_25.png,Bubbles_1774_map_25.png,2
0,1775,Defect_1775_23.png,Defect_1775_map_23.png,0
0,1776,Bubbles_1776_21.png,Bubbles_1776_map_21.png,2
0,1777,Defect_1777_29.png,Defect_1777_map_29.png,0
0,1778,Defect_1778_24.png,Defect_1778_map_24.png,0
0,1779,Bubbles_1779_27.png,Bubbles_1779_map_27.png,2
0,1780,Bubbles_1780_24.png,Bubbles_1780_map_24.png,2
0,1781,Bubbles_1781_23.png,Bubbles_1781_map_23.png,2
0,1782,Bubbles_1782_21.png,Bubbles_1782_map_21.png,2
0,1783,Defect_1783_23.png,Defect_1783_map_23.png,0
0,1784,Bubbles_1784_20.png,Bubbles_1784_map_20.png,2
0,1785,Defect_1785_21.png,Defect_1785_map_21.png,0
0,1786,Line_1786_29.png,Line_1786_map_29.png,1
0,1787,Bubbles_1787_25.png,Bubbles_1787_map_25.png,2
0,1788,Line_1788_25.png,Line_1788_map_25.png,1
0,1789,Bubbles_1789_22.png,Bubbles_1789_map_22.png,2
0,1790,Line_1790_24.png,Line_1790_map_24.png,1
0,1791,Bubbles_1791_26.png,Bubbles_1791_map_26.png,2
0,1792,Bubbles_1792_27.png,Bubbles_1792_map_27.png,2
0,1793,Defect_1793_24.png,Defect_1793_map_24.png,0
0,1794,Line_1794_28.png,Line_1794_map_28.png,1
0,1795,Defect_1795_27.png,Defect_1795_map_27.png,0
0,1796,Defect_1796_28.png,Defect_1796_map_28.png,0
0,1797,Line_1797_26.png,Line_1797_map_26.png,1
0,1798,Bubbles_1798_21.png,Bubbles_1798_map_21.png,2
0,1799,Defect_1799_21.png,Defect_1799_map_21.png,0
0,1800,Defect_1800_20.png,Defect_1800_map_20.png,0
0,1801,Bubbles_1801_25.png,Bubbles_1801_map_25.png,2
0,1802,Bubbles_1802_27.png,Bubbles_1802_map_27.png,2
0,1803,Bubbles_1803_26.png,Bubbles_1803_map_26.png,2
0,1804,Line_1804_27.png,Line_1804_map_27.png,1
0,1805,Defect_1805_20.png,Defect_1805_map_20.png,0
0,1806,Line_1806_25.png,Line_1806_map_25.png,1
0,1807,Defect_1807_20.png,Defect_1807_map_20.png,0
0,1808,Defect_1808_24.png,Defect_1808_map_24.png,0
0,1809,Line_1809_28.png,Line_1809_map_28.png,1
0,1810,Line_1810_22.png,Line_1810_map_22.png,1
0,1811,Defect_1811_29.png,Defect_1811_map_29.png,0
0,1812,Line_1812_26.png,Line_1812_map_26.png,1
0,1813,Line_1813_28.png,Line_1813_map_28.png,1
0,1814,Bubbles_1814_25.png,Bubbles_1814_map_25.png,2
0,1815,Defect_1815_23.png,Defect_1815_map_23.png,0
0,1816,Defect_1816_24.png,Defect_1816_map_24.png,0
0,1817,Defect_1817_27.png,Defect_1817_map_27.png,0
0,1818,Defect_1818_28.png,Defect_1818_map_28.png,0
0,1819,Bubbles_1819_23.png,Bubbles_1819_map_23.png,2
0,1820,Defect_1820_25.png,Defect_1820_map_25.png,0
0,1821,Bubbles_1821_22.png,Bubbles_1821_map_22.png,2
0,1822,Line_1822_25.png,Line_1822_map_25.png,1
0,1823,Bubbles_1823_21.png,Bubbles_1823_map_21.png,2
0,1824,Defect_1824_28.png,Defect_1824_map_28.png,0
0,1825,Defect_1825_23.png,Defect_1825_map_23.png,0
0,1826,Line_1826_21.png,Line_1826_map_21.png,1
0,1827,Bubbles_1827_20.png,Bubbles_1827_map_20.png,2
0,1828,Defect_1828_25.png,Defect_1828_map_25.png,0
0,1829,Bubbles_1829_29.png,Bubbles_1829_map_29.png,2
0,1830,Defect_1830_21.png,Defect_1830_map_21.png,0
0,1831,Bubbles_1831_28.png,Bubbles_1831_map_28.png,2
0,1832,Bubbles_1832_25.png,Bubbles_1832_map_25.png,2
0,1833,Line_1833_22.png,Line_1833_map_22.png,1
0,1834,Bubbles_1834_20.png,Bubbles_1834_map_20.png,2
0,1835,Line_1835_21.png,Line_1835_map_21.png,1
0,1836,Bubbles_1836_26.png,Bubbles_1836_map_26.png,2
0,1837,Bubbles_1837_27.png,Bubbles_1837_map_27.png,2
0,1838,Line_1838_23.png,Line_1838_map_23.png,1
0,1839,Bubbles_1839_26.png,Bubbles_1839_map_26.png,2
0,1840,Bubbles_1840_25.png,Bubbles_1840_map_25.png,2
0,1841,Line_1841_23.png,Line_1841_map_23.png,1
0,1842,Bubbles_1842_23.png,Bubbles_1842_map_23.png,2
0,1843,Bubbles_1843_22.png,Bubbles_1843_map_22.png,2
0,1844,Bubbles_1844_28.png,Bubbles_1844_map_28.png,2
0,1845,Defect_1845_20.png,Defect_1845_map_20.png,0
0,1846,Line_1846_26.png,Line_1846_map_26.png,1
0,1847,Bubbles_1847_23.png,Bubbles_1847_map_23.png,2
0,1848,Defect_1848_28.png,Defect_1848_map_28.png,0
0,1849,Bubbles_1849_20.png,Bubbles_1849_map_20.png,2
0,1850,Defect_1850_27.png,Defect_1850_map_27.png,0
0,1851,Defect_1851_22.png,Defect_1851_map_22.png,0
0,1852,Line_1852_27.png,Line_1852_map_27.png,1
0,1853,Bubbles_1853_23.png,Bubbles_1853_map_23.png,2
0,1854,Line_1854_23.png,Line_1854_map_23.png,1
0,1855,Bubbles_1855_27.png,Bubbles_1855_map_27.png,2
0,1856,Line_1856_25.png,Line_1856_map_25.png,1
0,1857,Defect_1857_23.png,Defect_1857_map_23.png,0
0,1858,Line_1858_24.png,Line_1858_map_24.png,1
0,1859,Defect_1859_27.png,Defect_1859_map_27.png,0
0,1860,Line_1860_24.png,Line_1860_map_24.png,1
0,1861,Line_1861_24.png,Line_1861_map_24.png,1
0,1862,Defect_1862_27.png,Defect_1862_map_27.png,0
0,1863,Bubbles_1863_29.png,Bubbles_1863_map_29.png,2
0,1864,Bubbles_1864_24.png,Bubbles_1864_map_24.png,2
0,1865,Line_1865_20.png,Line_1865_map_20.png,1
0,1866,Line_1866_29.png,Line_1866_map_29.png,1
0,1867,Line_1867_22.png,Line_1867_map_22.png,1
0,1868,Defect_1868_24.png,Defect_1868_map_24.png,0
0,1869,Bubbles_1869_28.png,Bubbles_1869_map_28.png,2
0,1870,Defect_1870_22.png,Defect_1870_map_22.png,0
0,1871,Line_1871_23.png,Line_1871_map_23.png,1
0,1872,Line_1872_27.png,Line_1872_map_27.png,1
0,1873,Bubbles_1873_25.png,Bubbles_1873_map_25.png,2
0,1874,Bubbles_1874_21.png,Bubbles_1874_map_21.png,2
0,1875,Bubbles_1875_26.png,Bubbles_1875_map_26.png,2
0,1876,Bubbles_1876_28.png,Bubbles_1876_map_28.png,2
0,1877,Line_1877_25.png,Line_1877_map_25.png,1
0,1878,Defect_1878_21.png,Defect_1878_map_21.png,0
0,1879,Bubbles_1879_27.png,Bubbles_1879_map_27.png,2
0,1880,Defect_1880_20.png,Defect_1880_map_20.png,0
0,1881,Defect_1881_29.png,Defect_1881_map_29.png,0
0,1882,Bubbles_1882_28.png,Bubbles_1882_map_28.png,2
0,1883,Defect_1883_22.png,Defect_1883_map_22.png,0
0,1884,Bubbles_1884_20.png,Bubbles_1884_map_20.png,2
0,1885,Defect_1885_27.png,Defect_1885_map_27.png,0
0,1886,Line_1886_25.png,Line_1886_map_25.png,1
0,1887,Line_1887_20.png,Line_1887_map_20.png,1
0,1888,Line_1888_28.png,Line_1888_map_28.png,1
0,1889,Line_1889_24.png,Line_1889_map_24.png,1
0,1890,Defect_1890_28.png,Defect_1890_map_28.png,0
0,1891,Line_1891_24.png,Line_1891_map_24.png,1
0,1892,Defect_1892_24.png,Defect_1892_map_24.png,0
0,1893,Defect_1893_29.png,Defect_1893_map_29.png,0
0,1894,Bubbles_1894_27.png,Bubbles_1894_map_27.png,2
0,1895,Defect_1895_29.png,Defect_1895_map_29.png,0
0,1896,Line_1896_24.png,Line_1896_map_24.png,1
0,1897,Bubbles_1897_22.png,Bubbles_1897_map_22.png,2
0,1898,Defect_1898_21.png,Defect_1898_map_21.png,0
0,1899,Defect_1899_26.png,Defect_1899_map_26.png,0
0,1900,Defect_1900_25.png,Defect_1900_map_25.png,0
0,1901,Defect_1901_28.png,Defect_1901_map_28.png,0
0,1902,Defect_1902_28.png,Defect_1902_map_28.png,0
0,1903,Line_1903_23.png,Line_1903_map_23.png,1
0,1904,Defect_1904_20.png,Defect_1904_map_20.png,0
0,1905,Defect_1905_24.png,Defect_1905_map_24.png,0
0,1906,Defect_1906_21.png,Defect_1906_map_21.png,0
0,1907,Defect_1907_20.png,Defect_1907_map_20.png,0
0,1908,Defect_1908_22.png,Defect_1908_map_22.png,0
0,1909,Line_1909_25.png,Line_1909_map_25.png,1
0,1910,Bubbles_1910_20.png,Bubbles_1910_map_20.png,2
0,1911,Line_1911_29.png,Line_1911_map_29.png,1
0,1912,Line_1912_26.png,Line_1912_map_26.png,1
0,1913,Defect_1913_24.png,Defect_1913_map_24.png,0
0,1914,Line_1914_26.png,Line_1914_map_26.png,1
0,1915,Defect_1915_21.png,Defect_1915_map_21.png,0
0,1916,Line_1916_22.png,Line_1916_map_22.png,1
0,1917,Defect_1917_26.png,Defect_1917_map_26.png,0
0,1918,Line_1918_23.png,Line_1918_map_23.png,1
0,1919,Defect_1919_29.png,Defect_1919_map_29.png,0
0,1920,Defect_1920_29.png,Defect_1920_map_29.png,0
0,1921,Line_1921_28.png,Line_1921_map_28.png,1
0,1922,Bubbles_1922_29.png,Bubbles_1922_map_29.png,2
0,1923,Defect_1923_27.png,Defect_1923_map_27.png,0
0,1924,Defect_1924_26.png,Defect_1924_map_26.png,0
0,1925,Bubbles_1925_26.png,Bubbles_1925_map_26.png,2
0,1926,Line_1926_21.png,Line_1926_map_21.png,1
0,1927,Bubbles_1927_28.png,Bubbles_1927_map_28.png,2
0,1928,Defect_1928_22.png,Defect_1928_map_22.png,0
0,1929,Bubbles_1929_27.png,Bubbles_1929_map_27.png,2
0,1930,Bubbles_1930_20.png,Bubbles_1930_map_20.png,2
0,1931,Line_1931_27.png,Line_1931_map_27.png,1
0,1932,Defect_1932_20.png,Defect_1932_map_20.png,0
0,1933,Bubbles_1933_27.png,Bubbles_1933_map_27.png,2
0,1934,Line_1934_26.png,Line_1934_map_26.png,1
0,1935,Defect_1935_29.png,Defect_1935_map_29.png,0
0,1936,Line_1936_28.png,Line_1936_map_28.png,1
0,1937,Defect_1937_22.png,Defect_1937_map_22.png,0
0,1938,Bubbles_1938_24.png,Bubbles_1938_map_24.png,2
0,1939,Bubbles_1939_21.png,Bubbles_1939_map_21.png,2
0,1940,Bubbles_1940_23.png,Bubbles_1940_map_23.png,2
0,1941,Line_1941_20.png,Line_1941_map_20.png,1
0,1942,Bubbles_1942_21.png,Bubbles_1942_map_21.png,2
0,1943,Line_1943_29.png,Line_1943_map_29.png,1
0,1944,Bubbles_1944_20.png,Bubbles_1944_map_20.png,2
0,1945,Bubbles_1945_23.png,Bubbles_1945_map_23.png,2
0,1946,Defect_1946_21.png,Defect_1946_map_21.png,0
0,1947,Bubbles_1947_29.png,Bubbles_1947_map_29.png,2
0,1948,Defect_1948_24.png,Defect_1948_map_24.png,0
0,1949,Defect_1949_27.png,Defect_1949_map_27.png,0
0,1950,Line_1950_24.png,Line_1950_map_24.png,1
0,1951,Line_1951_24.png,Line_1951_map_24.png,1
0,1952,Defect_1952_28.png,Defect_1952_map_28.png,0
0,1953,Line_1953_23.png,Line_1953_map_23.png,1
0,1954,Line_1954_22.png,Line_1954_map_22.png,1
0,1955,Defect_1955_20.png,Defect_1955_map_20.png,0
0,1956,Bubbles_1956_27.png,Bubbles_1956_map_27.png,2
0,1957,Line_1957_23.png,Line_1957_map_23.png,1
0,1958,Defect_1958_26.png,Defect_1958_map_26.png,0
0,1959,Defect_1959_29.png,Defect_1959_map_29.png,0
0,1960,Defect_1960_28.png,Defect_1960_map_28.png,0
0,1961,Defect_1961_28.png,Defect_1961_map_28.png,0
0,1962,Bubbles_1962_24.png,Bubbles_1962_map_24.png,2
0,1963,Bubbles_1963_29.png,Bubbles_1963_map_29.png,2
0,1964,Line_1964_29.png,Line_1964_map_29.png,1
0,1965,Line_1965_25.png,Line_1965_map_25.png,1
0,1966,Bubbles_1966_23.png,Bubbles_1966_map_23.png,2
0,1967,Line_1967_20.png,Line_1967_map_20.png,1
0,1968,Line_1968_23.png,Line_1968_map_23.png,1
0,1969,Defect_1969_23.png,Defect_1969_map_23.png,0
0,1970,Bubbles_1970_22.png,Bubbles_1970_map_22.png,2
0,1971,Defect_1971_21.png,Defect_1971_map_21.png,0
0,1972,Bubbles_1972_21.png,Bubbles_1972_map_21.png,2
0,1973,Defect_1973_21.png,Defect_1973_map_21.png,0
0,1974,Bubbles_1974_22.png,Bubbles_1974_map_22.png,2
0,1975,Bubbles_1975_29.png,Bubbles_1975_map_29.png,2
0,1976,Line_1976_22.png,Line_1976_map_22.png,1
0,1977,Line_1977_22.png,Line_1977_map_22.png,1
0,1978,Defect_1978_23.png,Defect_1978_map_23.png,0
0,1979,Defect_1979_28.png,Defect_1979_map_28.png,0
0,1980,Defect_1980_23.png,Defect_1980_map_23.png,0
0,1981,Line_1981_27.png,Line_1981_map_27.png,1
0,1982,Defect_1982_21.png,Defect_1982_map_21.png,0
0,1983,Defect_1983_23.png,Defect_1983_map_23.png,0
0,1984,Line_1984_20.png,Line_1984_map_20.png,1
0,1985,Line_1985_27.png,Line_1985_map_27.png,1
0,1986,Bubbles_1986_25.png,Bubbles_1986_map_25.png,2
0,1987,Bubbles_1987_26.png,Bubbles_1987_map_26.png,2
0,1988,Defect_1988_29.png,Defect_1988_map_29.png,0
0,1989,Line_1989_26.png,Line_1989_map_26.png,1
0,1990,Bubbles_1990_22.png,Bubbles_1990_map_22.png,2
0,1991,Bubbles_1991_28.png,Bubbles_1991_map_28.png,2
0,1992,Bubbles_1992_28.png,Bubbles_1992_map_28.png,2
0,1993,Bubbles_1993_23.png,Bubbles_1993_map_23.png,2
0,1994,Defect_1994_20.png,Defect_1994_map_20.png,0
0,1995,Defect_1995_26.png,Defect_1995_map_26.png,0
0,1996,Defect_1996_27.png,Defect_1996_map_27.png,0
0,1997,Bubbles_1997_28.png,Bubbles_1997_map_28.png,2
0,1998,Bubbles_1998_26.png,Bubbles_1998_map_26.png,2
0,1999,Line_1999_25.png,Line_1999_map_25.png,1
